subject_as_recorded,vocab,subfield_codes,source_authority_uri,authorized_label_add,structured_value_add,ds_qid_add,authorized_label,structured_value,ds_qid
Treatise,openn-keywords,,,,,,treatises,http://vocab.getty.edu/aat/300026681,Q160
15th century,openn-keywords,,,,,,Fifteenth century,http://id.worldcat.org/fast/923962,Q154
Italian,openn-keywords,,,,,,Italian (culture or style),http://vocab.getty.edu/aat/300111198,Q19876
Italy,openn-keywords,,,,,,Italy,http://id.worldcat.org/fast/1204565,Q249
Geography,openn-keywords,,,,,,Geography,http://id.worldcat.org/fast/940469,Q191
Grammar,openn-keywords,,,,,,"Grammar, Comparative and general",http://id.worldcat.org/fast/946126,Q19872
History,openn-keywords,,,,,,History,http://id.worldcat.org/fast/958235,Q6879
Rhetoric --Early works to 1800 --Manuscripts,openn-subjects,,,Rhetoric;Early works;Manuscripts,http://id.worldcat.org/fast/1096948;http://id.worldcat.org/fast/1411636;http://id.worldcat.org/fast/1008230,Q4915;Q300;Q38609,,,
Latin language --Punctuation --Early works to 1800 --Manuscripts,openn-subjects,,,Latin language--Punctuation;Early works;Manuscripts,http://id.worldcat.org/fast/993224;http://id.worldcat.org/fast/1411636;http://id.worldcat.org/fast/1008230,Q115107;Q300;Q38609,,,
Latin language --Terms and phrases --Early works to 1800 --Manuscripts,openn-subjects,,,Latin language;Terms and phrases;Early works;Manuscripts,http://id.worldcat.org/fast/993125;http://id.worldcat.org/fast/1147938;http://id.worldcat.org/fast/1411636;http://id.worldcat.org/fast/1008230,Q4170;Q106615;Q300;Q38609,,,
"Geography, Ancient --Early works to 1800 --Manuscripts",openn-subjects,,,"Geography, Ancient;Early works;Manuscripts",http://id.worldcat.org/fast/940567;http://id.worldcat.org/fast/1411636;http://id.worldcat.org/fast/1008230,Q3610;Q300;Q38609,,,
Italy --Description and travel --Early works to 1800 --Manuscripts,openn-subjects,,,Italy;Voyages and travels;Early works;Manuscripts,http://id.worldcat.org/fast/1204565;http://id.worldcat.org/fast/1169308;http://id.worldcat.org/fast/1411636;http://id.worldcat.org/fast/1008230,Q249;Q3600;Q300;Q38609,,,
Italy --Verona,openn-subjects,,,Italy--Verona,http://id.worldcat.org/fast/1204568,Q3599,,,
"Schioppo, Cristoforo, of Verona, scribe",openn-subjects,,,,,,,,
"Chilliat, R. P. active early 19th-century, binder",openn-subjects,,,,,,,,
Philosophy,openn-keywords,,,,,,Philosophy,http://id.worldcat.org/fast/1060777,Q5883
"Cicero, Marcus Tullius --Spurious and doubtful works --Manuscripts",openn-subjects,,,"Cicero, Marcus Tullius;Spurious and doubtful works;Manuscripts",http://id.worldcat.org/fast/32861;http://id.worldcat.org/fast/1423886;http://id.worldcat.org/fast/1008230,Q7943;Q7481;Q38609,,,
"Lasco, Antonio, active 1400 --Correspondence --Manuscripts",openn-subjects,,,Correspondence;Manuscripts,http://id.worldcat.org/fast/2003288;http://id.worldcat.org/fast/1008230,Q5829;Q38609,,,
"Seneca, Lucius Annaeus, approximately 4 B.C.-65 A.D. --Spurious and doubtful works --Manuscripts",openn-subjects,,,"Seneca, Lucius Annaeus, approximately 4 B.C.-65 A.D.;Spurious and doubtful works;Manuscripts",http://id.worldcat.org/fast/1846771;http://id.worldcat.org/fast/1423886;http://id.worldcat.org/fast/1008230,Q6948;Q7481;Q38609,,,
Aristotle. Eudemian ethics --Manuscripts,openn-subjects,,,Eudemian ethics (Aristotle);Manuscripts,http://id.worldcat.org/fast/1357093;http://id.worldcat.org/fast/1008230,Q7184;Q38609,,,
"Paul, the Apostle, Saint --Spurious and doubtful works --Manuscripts",openn-subjects,,,"Paul, the Apostle, Saint;Spurious and doubtful works;Manuscripts",http://id.worldcat.org/fast/37330;http://id.worldcat.org/fast/1423886;http://id.worldcat.org/fast/1008230,Q10818;Q7481;Q38609,,,
"Lasco, Antonio, active 1400, recipient",openn-subjects,,,,,,,,
"Ricasoli, Galeotto, active 1425",openn-subjects,,,,,,,,
Collection of Sermons,openn-keywords,,,,,,Sermons,http://id.worldcat.org/fast/1113216,Q38598
Literature -- Poetry,openn-keywords,,,,,,Literature;Poetry,http://id.worldcat.org/fast/999953;http://id.worldcat.org/fast/1067691,Q11485;Q38833
Catholic Church. Pope (1458-1464 : Pius II),openn-subjects,,,"Catholic Church. Pope;Pius II, Pope, 1405-1464",http://id.worldcat.org/fast/540752;http://id.worldcat.org/fast/19686,Q66850;Q4248,,,
Italy,openn-subjects,,,,,,Italy,http://id.worldcat.org/fast/1204565,Q249
"Botini, Paul, active 15th century, scribe",openn-subjects,,,,,,,,
"Fiano, Francesco da, -1421",openn-subjects,,,,,,,,
14th century,openn-keywords,,,,,,Fourteenth century,http://id.worldcat.org/fast/933420,Q295
"Justinus, Marcus Junianus. Historiae Philippicae. Books 11-12",openn-subjects,,,"Historiae Philippicae (Justinus, Marcus Junianus)",http://id.worldcat.org/fast/1357970,Q115080,,,
"Alexander, the Great, 356 B.C.-323 B.C. --Manuscripts",openn-subjects,,,"Alexander, the Great, 356 B.C.-323 B.C.;Manuscripts",http://id.worldcat.org/fast/1800513;http://id.worldcat.org/fast/1008230,Q3018;Q38609,,,
English,openn-keywords,,,,,,English (culture or style),http://vocab.getty.edu/aat/300111178,Q19855
England,openn-keywords,,,,,,England,http://id.worldcat.org/fast/1219920,Q320
"Cicero, Marcus Tullius. De officiis",openn-subjects,,,"De officiis (Cicero, Marcus Tullius)",http://id.worldcat.org/fast/1357636,Q115081,,,
"Cicero, Marcus Tullius. De fato",openn-subjects,,,"De fato (Cicero, Marcus Tullius)",http://id.worldcat.org/fast/1358545,Q115082,,,
"Cicero, Marcus Tullius. Paradoxa",openn-subjects,,,"Paradoxa (Cicero, Marcus Tullius)",http://id.worldcat.org/fast/1366183,Q115083,,,
"Cicero, Marcus Tullius. Somnium Scipionis",openn-subjects,,,"Somnium Scipionis (Cicero, Marcus Tullius)",http://id.worldcat.org/fast/1358303,Q115084,,,
"Cicero, Marcus Tullius. Laelius de amicitia",openn-subjects,,,"Laelius de amicitia (Cicero, Marcus Tullius)",http://id.worldcat.org/fast/1358210,Q115085,,,
"Cicero, Marcus Tullius. Cato maior de senectute",openn-subjects,,,"Cato maior de senectute (Cicero, Marcus Tullius)",http://id.worldcat.org/fast/1356319,Q115086,,,
"Cicero, Marcus Tullius. In Catilinam",openn-subjects,,,"In Catilinam (Cicero, Marcus Tullius)",http://id.worldcat.org/fast/1364770,Q115087,,,
"Tacitus, Cornelius. Annales. Selections",openn-subjects,,,"Annales (Tacitus, Cornelius)",http://id.worldcat.org/fast/1357318,Q115088,,,
Pseudo-Sallust. Invectiva in Ciceronem,openn-subjects,,,Invectiva in Ciceronem (Pseudo-Sallust),http://id.worldcat.org/fast/1784799,Q115089,,,
"Macrobius, Ambrosius Aurelius Theodosius. Commentarii in Somnium Scipionis --Manuscripts",openn-subjects,,,"Commentarii in Somnium Scipionis (Macrobius, Ambrosius Aurelius Theodosius);Manuscripts",http://id.worldcat.org/fast/1358095;http://id.worldcat.org/fast/1008230,Q115094;Q38609,,,
"Aeschines, Socraticus, active 4th century B.C. --Spurious and doubtful works --Manuscripts",openn-subjects,,,"Aeschines, Socraticus, active 4th century B.C.;Spurious and doubtful works;Manuscripts",http://id.worldcat.org/fast/1803489;http://id.worldcat.org/fast/1423886;http://id.worldcat.org/fast/1008230,Q115096;Q7481;Q38609,,,
Demosthenes --Spurious and doubtful works --Manuscripts,openn-subjects,,,Demosthenes;Spurious and doubtful works;Manuscripts,http://id.worldcat.org/fast/37144;http://id.worldcat.org/fast/1423886;http://id.worldcat.org/fast/1008230,Q66838;Q7481;Q38609,,,
"Marcellus, Marcus Claudius, -45 B.C. --Manuscripts",openn-subjects,,,"Marcellus, Marcus Claudius, -45 B.C.;Manuscripts",http://id.worldcat.org/fast/1832822;http://id.worldcat.org/fast/1008230,Q115097;Q38609,,,
"Sallust, 86 B.C.-34 B.C. --Spurious and doubtful works --Manuscripts",openn-subjects,,,"Sallust, 86 B.C.-34 B.C.;Spurious and doubtful works;Manuscripts",http://id.worldcat.org/fast/1845526;http://id.worldcat.org/fast/1423886;http://id.worldcat.org/fast/1008230,Q115098;Q7481;Q38609,,,
"Catiline, approximately 108 B.C.-62 B.C. --Spurious and doubtful works --Manuscripts",openn-subjects,,,"Catiline, approximately 108 B.C.-62 B.C.;Spurious and doubtful works;Manuscripts",http://id.worldcat.org/fast/1811802;http://id.worldcat.org/fast/1423886;http://id.worldcat.org/fast/1008230,Q4245;Q7481;Q38609,,,
"Demades, approximately 380 B.C.-319 B.C. --Spurious and doubtful works --Manuscripts",openn-subjects,,,"Demades, approximately 380 B.C.-319 B.C.;Spurious and doubtful works;Manuscripts",http://id.worldcat.org/fast/1815472;http://id.worldcat.org/fast/1423886;http://id.worldcat.org/fast/1008230,Q115099;Q7481;Q38609,,,
Flemish,openn-keywords,,,,,,Flemish (culture or style),http://vocab.getty.edu/aat/300111184,Q19846
Flanders,openn-keywords,,,,,,Europe--Flanders,http://id.worldcat.org/fast/1245991,Q4193
Paper,openn-keywords,,,,,,Paper,http://id.worldcat.org/fast/1052348,Q19842
"Augustine, Saint, Bishop of Hippo --Spurious and doubtful works --Manuscripts",openn-subjects,,,"Augustine, of Hippo, Saint, 354-430;Spurious and doubtful works;Manuscripts",http://id.worldcat.org/fast/61554;http://id.worldcat.org/fast/1423886;http://id.worldcat.org/fast/1008230,Q7397;Q7481;Q38609,,,
"Basil, Saint, Bishop of Caesarea, approximately 329-379. Correspondence --Manuscripts",openn-subjects,,,"Correspondence (Basil, Saint, Bishop of Caesarea);Manuscripts",http://id.worldcat.org/fast/1779667;http://id.worldcat.org/fast/1008230,Q115095;Q38609,,,
"Gregory, of Nazianzus, Saint. Correspondence --Manuscripts",openn-subjects,,,"Gregory, of Nazianzus, Saint;Correspondence;Manuscripts",http://id.worldcat.org/fast/19795;http://id.worldcat.org/fast/2003288;http://id.worldcat.org/fast/1008230,Q67963;Q5829;Q38609,,,
Eugippius --Spurious and doubtful works --Manuscripts,openn-subjects,,,Eugippius;Spurious and doubtful works;Manuscripts,http://id.worldcat.org/fast/1423886;http://id.worldcat.org/fast/1008230,Q1528;Q7481;Q38609,,,
Catholic Church --Doctrines --Early works to 1800 --Manuscripts,openn-subjects,,,Catholic Church;Early works;Manuscripts,http://id.worldcat.org/fast/531720;http://id.worldcat.org/fast/1411636;http://id.worldcat.org/fast/1008230,Q310;Q300;Q38609,,,
"Monasticism and religious orders --History --Middle Ages, 600-1500 --Manuscripts",openn-subjects,,,Monasticism and religious orders;History;Middle Ages;500-1500;Manuscripts,http://id.worldcat.org/fast/1025128;http://id.worldcat.org/fast/958235;http://id.worldcat.org/fast/1020301;http://id.worldcat.org/fast/1355938;http://id.worldcat.org/fast/1008230,Q4208;Q6879;Q39011;Q4252;Q38609,,,
Crusades --Early works to 1800 --Manuscripts,openn-subjects,,,Crusades;Early works;Manuscripts,http://id.worldcat.org/fast/884401;http://id.worldcat.org/fast/1411636;http://id.worldcat.org/fast/1008230,Q7405;Q300;Q38609,,,
Palestine --Description and travel --Early works to 1800 --Manuscripts,openn-subjects,,,Middle East--Palestine;Voyages and travels;Early works;Manuscripts,http://id.worldcat.org/fast/1207534;http://id.worldcat.org/fast/1169308;http://id.worldcat.org/fast/1411636;http://id.worldcat.org/fast/1008230,Q7204;Q3600;Q300;Q38609,,,
Jerusalem --History --Early works to 1800 --Manuscripts,openn-subjects,,,Middle East--Jerusalem;History;Early works;Manuscripts,http://id.worldcat.org/fast/1216276;http://id.worldcat.org/fast/958235;http://id.worldcat.org/fast/1411636;http://id.worldcat.org/fast/1008230,Q7086;Q6879;Q300;Q38609,,,
"Fretellus, Rorgo, active 12th century. Descriptio Terre Sancte",openn-subjects,,,,,,,,
"Basil, Saint, Bishop of Caesarea, approximately 329-379. Laus eremiticae vitae",openn-subjects,,,,,,,,
De miseria carnis,openn-subjects,,,,,,,,
Tractatus de distantiis locorum Terrae Sanctae,openn-subjects,,,,,,,,
"Basil, Saint, Bishop of Caesarea, approximately 329-379, correspondent",openn-subjects,,,"Basil, Saint, Bishop of Caesarea, approximately 329-379",http://id.worldcat.org/fast/1806981,Q66842,,,
"Gregory, of Nazianzus, Saint, recipient",openn-subjects,,,"Gregory, of Nazianzus, Saint",http://id.worldcat.org/fast/19795,Q67963,,,
Church Fathers,openn-keywords,,,,,,Fathers of the church,http://id.worldcat.org/fast/921916,Q19847
"Bede, the Venerable, Saint, 673-735. Historia ecclesiastica gentis Anglorum",openn-subjects,,,"Historia ecclesiastica gentis Anglorum (Bede, the Venerable, Saint)",http://id.worldcat.org/fast/1357137,Q115090,,,
"Nechtan mac Derile, King of the Picts, -732 --Correspondence --Manuscripts",openn-subjects,,,"Nechtan mac Derile, King of the Picts, -732;Correspondence;Manuscripts",http://id.worldcat.org/fast/2075541;http://id.worldcat.org/fast/2003288;http://id.worldcat.org/fast/1008230,Q115102;Q5829;Q38609,,,
"Ceolfrid, of Wearmouth, Saint, 642-716 --Correspondence --Manuscripts",openn-subjects,,,"Ceolfrid, of Wearmouth, Saint, 642-716;Correspondence;Manuscripts",http://id.worldcat.org/fast/338691;http://id.worldcat.org/fast/2003288;http://id.worldcat.org/fast/1008230,Q115100;Q5829;Q38609,,,
Easter --Early works to 1800 --Manuscripts,openn-subjects,,,Easter;Early works;Manuscripts,http://id.worldcat.org/fast/901099;http://id.worldcat.org/fast/1411636;http://id.worldcat.org/fast/1008230,Q3061;Q300;Q38609,,,
"Nechtan mac Derile, King of the Picts, -732, associated name",openn-subjects,,,"Nechtan mac Derile, King of the Picts, -732",http://id.worldcat.org/fast/2075541,Q115102,,,
Book of Hours,openn-keywords,,,,,,Books of hours,http://id.worldcat.org/fast/836484,Q5889
Devotion,openn-keywords,,,,,,Prayers and devotions,http://id.worldcat.org/fast/1423909,Q3052
Historiated initial,openn-keywords,,,,,,Historiated initials,http://id.worldcat.org/fast/957716,Q19864
Illumination,openn-keywords,,,,,,illuminations (paintings),http://vocab.getty.edu/aat/300264522,Q225
"Wakefield, Thomas, -1575 --Family --Manuscripts",openn-subjects,,,Families;Manuscripts,http://id.worldcat.org/fast/1728849;http://id.worldcat.org/fast/1008230,Q5939;Q38609,,,
Books of hours --Early works to 1800 --Manuscripts,openn-subjects,,,Books of hours;Early works;Manuscripts,http://id.worldcat.org/fast/836484;http://id.worldcat.org/fast/1411636;http://id.worldcat.org/fast/1008230,Q5889;Q300;Q38609,,,
Legal,openn-keywords,,,,,,Law,http://id.worldcat.org/fast/993678,Q4186
Law --England --14th century --Manuscripts,openn-subjects,,,Law;England;Fourteenth century;Manuscripts,http://id.worldcat.org/fast/993678;http://id.worldcat.org/fast/1219920;http://id.worldcat.org/fast/933420;http://id.worldcat.org/fast/1008230,Q4186;Q320;Q295;Q38609,,,
Great Britain --England,openn-subjects,,,Great Britain;England,http://id.worldcat.org/fast/1204623;http://id.worldcat.org/fast/1219920,Q179;Q320,,,
"Shakespeare, William, 1564-1616 --Friends and associates --Manuscripts",openn-subjects,,,"Shakespeare, William, 1564-1616;Friends and associates;Manuscripts",http://id.worldcat.org/fast/29048;http://id.worldcat.org/fast/1353140;http://id.worldcat.org/fast/1008230,Q115101;Q11488;Q38609,,,
Spiritual life --Early works to 1800 --Manuscripts,openn-subjects,,,Spiritual life;Early works;Manuscripts,http://id.worldcat.org/fast/1130100;http://id.worldcat.org/fast/1411636;http://id.worldcat.org/fast/1008230,Q7088;Q300;Q38609,,,
"Heinrich, von Langenstein, approximately 1325-1397. Speculum animae. Chapters 2-15",openn-subjects,,,,,,,,
Dutch,openn-keywords,,,,,,Dutch (culture or style),http://vocab.getty.edu/aat/300111175,Q19858
Netherlands,openn-keywords,,,,,,Netherlands,http://id.worldcat.org/fast/1204034,Q5863
Netherlands,openn-subjects,,,Netherlands,http://id.worldcat.org/fast/1204034,Q5863,,,
Apollonius of Tyre (Fictitious character)--Manuscripts,openn-subjects,,,"Apollonius, of Tyre (Fictitious character);Manuscripts",http://id.worldcat.org/fast/811447;http://id.worldcat.org/fast/1008230,Q115103;Q38609,,,
"Cockerell, Sydney Carlyle,--Sir,--1867-1962--Correspondence--Manuscripts",openn-subjects,,,"Cockerell, Sydney Carlyle, Sir, 1867-1962;Correspondence;Manuscripts",http://id.worldcat.org/fast/10810;http://id.worldcat.org/fast/2003288;http://id.worldcat.org/fast/1008230,Q115104;Q5829;Q38609,,,
"Butler, Charles,--1821-1910--Correspondence--Manuscripts",openn-subjects,,,"Butler, Charles, 1821-1910;Correspondence;Manuscripts",http://id.worldcat.org/fast/247392;http://id.worldcat.org/fast/2003288;http://id.worldcat.org/fast/1008230,Q115105;Q5829;Q38609,,,
Literature -- Prose,openn-keywords,,,,,,Prose literature,http://id.worldcat.org/fast/1079302,Q19843
Feudalism --Early works to 1800 --Manuscripts,openn-subjects,,,Feudalism;Early works;Manuscripts,http://id.worldcat.org/fast/923488;http://id.worldcat.org/fast/1411636;http://id.worldcat.org/fast/1008230,Q4857;Q300;Q38609,,,
"Birds, depicted",openn-subjects,,,Birds,http://id.worldcat.org/fast/832970,Q26998,,,
Theology,openn-keywords,,,,,,Theology,http://id.worldcat.org/fast/1149559,Q4290
16th century,openn-keywords,,,,,,Sixteenth century,http://id.worldcat.org/fast/1119851,Q335
Apologetics --Early works to 1800 --Manuscripts,openn-subjects,,,Apologetics;Early works;Manuscripts,http://id.worldcat.org/fast/811449;http://id.worldcat.org/fast/1411636;http://id.worldcat.org/fast/1008230,Q5940;Q300;Q38609,,,
Great Britain --England --London,openn-subjects,,,Great Britain;England--London,http://id.worldcat.org/fast/1204623;http://id.worldcat.org/fast/1204271,Q179;Q38890,,,
"Meghen, Pierre, 1466 or 1467-1540, scribe",openn-subjects,,,,,,,,
"Rufinus, of Aquileia, 345-410",openn-subjects,,,"Rufinus, of Aquileia, 345-410",http://id.worldcat.org/fast/106776,Q115091,,,
"Maximus, of Turin, Saint, active 4th-5th century",openn-subjects,,,"Maximus, of Turin, Saint, active 4th century-5th century",http://id.worldcat.org/fast/1833687,Q5813,,,
"Irenaeus, Saint, Bishop of Lyon, recipient",openn-subjects,,,"Irenaeus, Saint, Bishop of Lyon",http://id.worldcat.org/fast/49926,Q115092,,,
"Ambrose, Saint, Bishop of Milan, -397, correspondent",openn-subjects,,,"Ambrose, Saint, Bishop of Milan, -397",http://id.worldcat.org/fast/1804362,Q7690,,,
Italy --Ferrara (Province),openn-subjects,,,Italy--Ferrara (Province),http://id.worldcat.org/fast/1330849,Q115049,,,
Chronicle,openn-keywords,,,,,,chronicles,http://vocab.getty.edu/aat/300026361,Q176
Great Britain --History --1066-1687 --Manuscripts,openn-subjects,,,Great Britain;History;Manuscripts,http://id.worldcat.org/fast/1204623;http://id.worldcat.org/fast/958235;http://id.worldcat.org/fast/1008230,Q179;Q6879;Q38609,,,
Poetry,openn-keywords,,,Poetry,http://id.worldcat.org/fast/1067691,Q38833,,,
Fragment,openn-keywords,,,,,,fragments (object portions),http://vocab.getty.edu/aat/300117130,Q222
Binding,openn-keywords,,,,,,binding (textile material),http://vocab.getty.edu/aat/300421867,Q19879
"Christian poetry, English (Middle) --Manuscripts",openn-subjects,,,"Christian poetry, English (Middle);Manuscripts",http://id.worldcat.org/fast/859417;http://id.worldcat.org/fast/1008230,Q7182;Q38609,,,
"Love poetry, English (Middle) --Manuscripts",openn-subjects,,,"Love poetry, English (Middle);Manuscripts",http://id.worldcat.org/fast/1002865;http://id.worldcat.org/fast/1008230,Q12638;Q38609,,,
Christian ethics --Poetry --Early works to 1800 --Manuscripts,openn-subjects,,,Christian ethics;Poetry;Early works;Manuscripts,http://id.worldcat.org/fast/859107;http://id.worldcat.org/fast/1067691;http://id.worldcat.org/fast/1411636;http://id.worldcat.org/fast/1008230,Q4278;Q38833;Q300;Q38609,,,
Courtly love --Poetry --Early works to 1800 --Manuscripts,openn-subjects,,,Courtly love;Poetry;Early works;Manuscripts,http://id.worldcat.org/fast/881740;http://id.worldcat.org/fast/1067691;http://id.worldcat.org/fast/1411636;http://id.worldcat.org/fast/1008230,Q12621;Q38833;Q300;Q38609,,,
13th century,openn-keywords,,,,,,Thirteenth century,http://id.worldcat.org/fast/1150138,Q245
Science,openn-keywords,,,,,,Science,http://id.worldcat.org/fast/1108176,Q7409
Dictionary,openn-keywords,,,,,,Encyclopedias and dictionaries,http://id.worldcat.org/fast/909533,Q175
"Shakespeare, William, 1564-1616 --Authorship --Baconian theory --Manuscripts",openn-subjects,,,"Shakespeare, William, 1564-1616;Authorship;Manuscripts",http://id.worldcat.org/fast/29048;http://id.worldcat.org/fast/822442;http://id.worldcat.org/fast/1008230,Q115101;Q48276;Q38609,,,
"Kinship --Early works to 1800, depicted",openn-subjects,,,Kinship;Early works,http://id.worldcat.org/fast/987769;http://id.worldcat.org/fast/1411636,Q115106;Q300,,,
France,openn-keywords,,,,,,France,http://id.worldcat.org/fast/1204289,Q152
Aristotle --Spurious and doubtful works --Manuscripts,openn-subjects,,,Aristotle;Spurious and doubtful works;Manuscripts,http://id.worldcat.org/fast/29885;http://id.worldcat.org/fast/1423886;http://id.worldcat.org/fast/1008230,Q296;Q7481;Q38609,,,
Emperors --Rome --Early works to 1800 --Manuscripts,openn-subjects,,,Emperors;Rome (Empire);Early works;Manuscripts,http://id.worldcat.org/fast/908898;http://id.worldcat.org/fast/1204885;http://id.worldcat.org/fast/1411636;http://id.worldcat.org/fast/1008230,Q5835;Q3038;Q300;Q38609,,,
"Rome --History --Empire, 30 B.C.-284 A.D. --Early works to 1800 --Manuscripts",openn-subjects,,,Rome (Empire);History;30 B.C.-476 A.D.;Early works;Manuscripts,http://id.worldcat.org/fast/1204885;http://id.worldcat.org/fast/958235;http://id.worldcat.org/fast/1355908;http://id.worldcat.org/fast/1411636;http://id.worldcat.org/fast/1008230,Q3038;Q6879;Q39068;Q300;Q38609,,,
"Ausonius, Decimus Magnus",openn-subjects,,,"Ausonius, Decimus Magnus",http://id.worldcat.org/fast/61738,Q115093,,,
German,openn-keywords,,,,,,"German (culture, style, period)",http://vocab.getty.edu/aat/300111192,Q19867
Germany,openn-keywords,,,,,,Germany,http://id.worldcat.org/fast/1210272,Q3032
Catholic Church. Decretales Gregorii IX --Manuscripts,openn-subjects,,,Decretales Gregorii IX (Catholic Church);Manuscripts,http://id.worldcat.org/fast/1361356;http://id.worldcat.org/fast/1008230,Q10793;Q38609,,,
Canon law --Early works to 1800 --Manuscripts,openn-subjects,,,Canon law;Early works;Manuscripts,http://id.worldcat.org/fast/845910;http://id.worldcat.org/fast/1411636;http://id.worldcat.org/fast/1008230,Q204;Q300;Q38609,,,
Germany,openn-subjects,,,Germany,http://id.worldcat.org/fast/1210272,Q3032,,,
French,openn-keywords,,,,,,French (culture or style),http://vocab.getty.edu/aat/300111188,Q19844
Binding waste,openn-keywords,,,,,,waste,http://vocab.getty.edu/aat/300253876,Q55356
France,openn-subjects,,,,,,France,http://id.worldcat.org/fast/1204289,Q152
Catholic Church. Pope (1227-1241 : Gregory IX),openn-subjects,,,"Catholic Church. Pope;Gregory IX, Pope, approximately 1170-1241",http://id.worldcat.org/fast/540752;http://id.worldcat.org/fast/1821696,Q66850;Q67957,,,
"Bonner, Edmund, 1500?-1569. Homelies",openn-subjects,,,,,,,,
