name_as_recorded,role,name_agr,source_authority_uri,instance_of_add,authorized_label_add,structured_value_add,ds_id_add,ds_qid_add,instance_of,authorized_label,structured_value,ds_qid
"Dati, Agostino, 1420-1478, author.",author,,,human,Agostino Dati,Q5659931,DSNAME3643,Q40088,,,,
"Valla, Lorenzo, 1407-1457, attributed name.",author,,,human,Lorenzo Valla,Q214115,DSNAME4704,Q41149,,,,
"Butler, Charles, 1821-1910, former owner.",former owner,,,human,Charles Butler,Q76094211,DSNAME2711,Q20036,,,,
"Phillipps, Thomas, Sir, 1792-1872, former owner.",former owner,,,human,Thomas Phillipps,Q2147709,DSNAME998,Q385,,,,
"Smedley, William T. (William Thomas), 1851-1934, former owner.",former owner,,,human,William T. Smedley,Q141599290,DSNAME9284,Q114410,,,,
"Folger, Henry Clay, 1857-1930, former owner.",former owner,,,human,Henry Clay Folger,Q5719487,DSNAME9289,Q114415,,,,
"Folger, Emily C. J. (Emily Clara Jordan), 1858-1936, former owner.",former owner,,,human,Emily Jordan Folger,Q5372235,DSNAME9298,Q115067,,,,
"Bivero, Gundisalvus de, bishop of Salamanca.",former owner,,,,,,,,,,,
"Allen, Henry Ellis, 1807 or 1808- former owner.",former owner,,,human,Henry Ellis Allen,Q20978682,DSNAME3683,Q40128,,,,
"Bruni, Leonardo, 1369-1444.",author,,,,,,,,human,Leonardo Bruni,Q314488,Q1924
"Binis, Tullius de, former owner.",former owner,,,,,,,,,,,
"Thomas-Stanford, Charles, 1858-1932, former owner.",former owner,,,human,Charles Thomas-Stanford,Q5082906,DSNAME5323,Q41768,,,,
"Dobell, Percy John, 1871-1956, former owner.",former owner,,,human,Percy John Dobell,Q120752919,DSNAME9283,Q114409,,,,
"Ovid, 43 B.C.-17 A.D. or 18 A.D.",author,,,,,,,,human,Ovid,Q7198,Q41379
"Pius II, Pope, 1405-1464.",author,,,,,,,,human,Pius II,Q101437,Q894
"Curtius Rufus, Quintus, author.",author,,,human,Quintus Curtius Rufus,Q5959,DSNAME4043,Q40488,,,,
"Senas, Henri-Balthazar-Armand de Gérente, Marquis de, 1740- former owner.",former owner,,,,,,,,,,,
"Firmin-Didot, Ambroise, 1790-1876, former owner.",former owner,,,human,Ambroise Firmin Didot,Q2842379,DSNAME2464,Q17673,,,,
"Cicero, Marcus Tullius, author.",author,,,human,Cicero,Q1541,DSNAME578,Q1813,,,,
"Jacques, de Vitry, approximately 1170-1240, author.",author,,,human,Jacques de Vitry,Q654608,DSNAME2896,Q20212,,,,
"Ceolfrid, of Wearmouth, Saint, 642-716, author.",author,,,human,Ceolfrith,Q1054504,DSNAME9287,Q114413,,,,
"Kloss, Georg Franz Burkhard, 1787-1854, former owner.",former owner,,,human,Georg Kloss,Q214047,DSNAME1473,Q7634,,,,
"Thomas Wakefeld, former owner.",former owner,,,human,Thomas Wakefeld,Q7794816,DSNAME9281,Q114407,,,,
"Scott of Harden, former owner.",former owner,,,,,,,,,,,
"Boies Penrose II, former owner.",former owner,,,human,Boies Penrose II,Q62681941,DSNAME1417,Q7579,,,,
"A.J.V. Radford, former owner.",former owner,,,,,,,,,,,
"Sir Leicester Harmsworth, former owner.",former owner,,,human,Leicester Harmsworth,Q6519187,DSNAME574,Q1809,,,,
"Gomme, John, active 1821, former owner.",former owner,,,,,,,,,,,
"Ephraem, Syrus, Saint, 303-373, author.",author,,,human,Ephrem the Syrian,Q200608,DSNAME4158,Q40603,,,,
"Pendar, Thomas, former owner.",former owner,,,,,,,,,,,
"Walker, William, former owner.",former owner,,,,,,,,,,,
"Walker, Allan Elliott, 1906-1993, former owner.",former owner,,,,,,,,,,,
"Holt, Henry, active 16th century",former owner,,,,,,,,,,,
"Halliwell-Phillipps, J. O. 1820-1889",former owner,,,,,,,,human,James Halliwell-Phillipps,Q321691,Q842
"Folger, Henry Clay, 1857-1930",former owner,,,human,Henry Clay Folger,Q5719487,DSNAME9289,Q114415,,,,
"Folger, Emily C. J. 1858-1936",former owner,,,human,Emily Jordan Folger,Q5372235,DSNAME9298,Q115067,,,,
"Warwick Castle (Warwick, England). Shakespeare Library",former owner,,,organization,Warwick Castle Shakespeare Library,Q141599330,DSNAME9299,Q115068,,,,
Tibullus,author,,,,,,,,human,Tibullus,Q109598,Q17680
"Ovid, 43 B.C.-17 A.D. or 18 A.D",author,,,,,,,,human,Ovid,Q7198,Q41379
"Barresio, Mattheus de",former owner,,,,,,,,,,,
"Butler, Charles, 1821-1910",former owner,,,,,,,,human,Charles Butler,Q76094211,Q20036
"Smedley, William T. 1851-1934",former owner,,,human,William T. Smedley,Q141599290,DSNAME9284,Q114410,,,,
"Ovid, 43 B.C.-17 A.D. or 18 A.D., author.",author,,,human,Ovid,Q7198,DSNAME4934,Q41379,,,,
"Vannis, Paulus de, former owner.",former owner,,,,,,,,,,,
"Mostyn, Lord, former owner.",former owner,,,human,"Gareth Williams, Baron Williams of Mostyn",Q325417,DSNAME9300,Q115069,,,,
"Gregory, of Nazianzus, Saint, author.",author,,,human,Gregory of Nazianzus,Q44011,DSNAME2915,Q20231,,,,
"Urswick, Christopher, 1448?-1522, former owner.",former owner,,,human,Christopher Urswick,Q5113359,DSNAME9301,Q115070,,,,
"Mellerius, John, active 1674, former owner.",former owner,,,,,,,,,,,
"Makernes, Thomas, active 1674, former owner.",former owner,,,,,,,,,,,
"Palmer, Ralph, 1712-1755, former owner.",former owner,,,human,Ralph Palmer,Q141599471,DSNAME9297,Q115066,,,,
"Verney, Ralph Verney, Earl, 1714-1791, former owner.",former owner,,,human,"Ralph Verney, 2nd Earl Verney",Q7288197,DSNAME9302,Q115071,,,,
"Uffenbach, Zacharias Konrad von, 1683-1734, former owner.",former owner,,,human,Zacharias Conrad von Uffenbach,Q3574513,DSNAME9303,Q115072,,,,
"Ord, Craven, 1756-1832, former owner.",former owner,,,human,Craven Ord,Q18756634,DSNAME4924,Q41369,,,,
"Barnard, P. M., former owner.",former owner,,,human,Percy Mordaunt Barnard,Q94925072,DSNAME324,Q1489,,,,
"Mannyng, Robert, active 1288-1338, author.",author,,,human,Robert Mannyng,Q7347321,DSNAME4747,Q41192,,,,
"Gower, John, 1325?-1408, author.",author,,,human,John Gower,Q365133,DSNAME2003,Q12812,,,,
"Sergeant, Jane, active 17th century, former owner.",former owner,,,,,,,,,,,
"Towneley, John, 1731-1813, former owner.",former owner,,,human,John Towneley,Q141599307,DSNAME9304,Q115073,,,,
"Isidore, of Seville, Saint, -636, author.",author,,,human,Isidore of Seville,Q166876,DSNAME155,Q428,,,,
"Wylmyn, Johannes, active 15th century, former owner.",former owner,,,,,,,,,,,
"Kinnoull, George Hay, Earl of, 1827-1897, former owner.",former owner,,,human,"George Hay, 8th Earl of Kinnoull",Q5540335,DSNAME9305,Q115074,,,,
"Suetonius, ca. 69-approximately 122, author.",author,,,human,Suetonius,Q10133,DSNAME584,Q1819,,,,
"Drury, Henry, 1778-1841, former owner.",former owner,,,human,Henry Drury,Q5720478,DSNAME2527,Q7282,,,,
"Gratian, active 12th century, author.",author,,,human,Gratian,Q549041,DSNAME1999,Q1588,,,,
"Harmsworth, R. Leicester (Robert Leicester), Sir, 1870-1937, former owner.",former owner,,,human,Leicester Harmsworth,Q6519187,DSNAME574,Q1809,,,,
