genre_as_recorded,vocab,source_authority_uri,authorized_label_add,structured_value_add,ds_qid_add,authorized_label,structured_value,ds_qid
"Manuscripts, Latin --Italy --Verona --15th century",openn-form/genre,,"Manuscripts, Latin;Italy--Verona;Fifteenth century",http://id.worldcat.org/fast/1008395;http://id.worldcat.org/fast/1204568;http://id.worldcat.org/fast/923962,Q210;Q3599;Q154,,,
Annotations (Provenance),openn-form/genre,,,,,Annotations,http://id.loc.gov/vocabulary/rbmscv/cv00102,Q2982
Coats of arms,openn-form/genre,,coats of arms,http://vocab.getty.edu/aat/300126352,Q8147,,,
"Manuscripts, Latin --15th century",openn-form/genre,,"Manuscripts, Latin;Fifteenth century",http://id.worldcat.org/fast/1008395;http://id.worldcat.org/fast/923962,Q210;Q154,,,
Manuscript waste (Binding),openn-form/genre,,Manuscript waste,http://id.loc.gov/vocabulary/rbmscv/cv01568,Q5892,,,
"Manuscripts, Latin --Italy --15th century",openn-form/genre,,"Manuscripts, Latin;Italy;Fifteenth century",http://id.worldcat.org/fast/1008395;http://id.worldcat.org/fast/1204565;http://id.worldcat.org/fast/923962,Q210;Q249;Q154,,,
Satires (document genre) --Italy --15th century --Manuscripts,openn-form/genre,,satires (literary genre);Italy;Fifteenth century;Manuscripts,http://vocab.getty.edu/aat/300251297;http://id.worldcat.org/fast/1204565;http://id.worldcat.org/fast/923962;http://id.worldcat.org/fast/1424060,Q4177;Q249;Q154;Q331,,,
Poems --Italy --15th century --Manuscripts,openn-form/genre,,poems;Italy;Fifteenth century;Manuscripts,http://vocab.getty.edu/aat/300026451;http://id.worldcat.org/fast/1204565;http://id.worldcat.org/fast/923962;http://id.worldcat.org/fast/1424060,Q273;Q249;Q154;Q331,,,
Manicules (Provenance),openn-form/genre,,manicules,http://vocab.getty.edu/aat/300312372,Q19881,,,
Sermons,openn-form/genre,,,,,Sermons,http://id.worldcat.org/fast/1423904,Q180
Annotations (Provenance) --Italy --15th century --Manuscripts,openn-form/genre,,annotations;Italy;Fifteenth century;Manuscripts,http://vocab.getty.edu/aat/300026100;http://id.worldcat.org/fast/1204565;http://id.worldcat.org/fast/923962;http://id.worldcat.org/fast/1424060,Q251;Q249;Q154;Q331,,,
"Manuscripts, Latin --14th century",openn-form/genre,,"Manuscripts, Latin;Fourteenth century",http://id.worldcat.org/fast/1008395;http://id.worldcat.org/fast/933420,Q210;Q295,,,
Annotations (Provenance) --14th century,openn-form/genre,,annotations;Fourteenth century,http://vocab.getty.edu/aat/300026100;http://id.worldcat.org/fast/933420,Q251;Q295,,,
Miniatures (Illuminations) --15th century --Manuscripts,openn-form/genre,,miniatures (paintings);Fifteenth century;Manuscripts,http://vocab.getty.edu/aat/300033936;http://id.worldcat.org/fast/923962;http://id.worldcat.org/fast/1424060,Q262;Q154;Q331,,,
Annotations (Provenance) --16th century,openn-form/genre,,annotations;Sixteenth century,http://vocab.getty.edu/aat/300026100;http://id.worldcat.org/fast/1119851,Q251;Q335,,,
"Manuscripts, Anglo-Norman --England --14th century",openn-form/genre,,"Manuscripts, Anglo-Norman;England;Fourteenth century",http://id.worldcat.org/fast/1008275;http://id.worldcat.org/fast/1219920;http://id.worldcat.org/fast/933420,Q48256;Q320;Q295,,,
Legal documents --England --14th century --Manuscripts,openn-form/genre,,legal documents;England;Fourteenth century;Manuscripts,http://vocab.getty.edu/aat/300027590;http://id.worldcat.org/fast/1219920;http://id.worldcat.org/fast/933420;http://id.worldcat.org/fast/1424060,Q236;Q320;Q295;Q331,,,
"Manuscripts, Latin --England --15th century",openn-form/genre,,"Manuscripts, Latin;England;Fifteenth century",http://id.worldcat.org/fast/1008395;http://id.worldcat.org/fast/1219920;http://id.worldcat.org/fast/923962,Q210;Q320;Q154,,,
"Manuscripts, Dutch --14th century",openn-form/genre,,"Manuscripts, Dutch;Fourteenth century",http://id.worldcat.org/fast/1008323;http://id.worldcat.org/fast/933420,Q5931;Q295,,,
"Manuscripts, Latin--England--15th century",openn-form/genre,,"Manuscripts, Latin;England;Fifteenth century",http://id.worldcat.org/fast/1008395;http://id.worldcat.org/fast/1219920;http://id.worldcat.org/fast/923962,Q210;Q320;Q154,,,
Legends (literary genre)--England--15th century--Manuscripts,openn-form/genre,,legends (literary genre);England;Fifteenth century;Manuscripts,http://vocab.getty.edu/aat/300055923;http://id.worldcat.org/fast/1219920;http://id.worldcat.org/fast/923962;http://id.worldcat.org/fast/1424060,Q115052;Q320;Q154;Q331,,,
Folk tales,openn-form/genre,,folk tales,http://vocab.getty.edu/aat/300055922,Q115050,,,
Romances--England--15th century--Manuscripts,openn-form/genre,,romances (medieval narratives);England;Fifteenth century;Manuscripts,http://vocab.getty.edu/aat/300191065;http://id.worldcat.org/fast/1219920;http://id.worldcat.org/fast/923962;http://id.worldcat.org/fast/1424060,Q4176;Q320;Q154;Q331,,,
"Manuscripts, Latin--Italy--15th century",openn-form/genre,,"Manuscripts, Latin;Italy;Fifteenth century",http://id.worldcat.org/fast/1008395;http://id.worldcat.org/fast/1204565;http://id.worldcat.org/fast/923962,Q210;Q249;Q154,,,
Poems--Italy--15th century--Manuscripts,openn-form/genre,,poems;Italy;Fifteenth century,http://vocab.getty.edu/aat/300026451;http://id.worldcat.org/fast/1204565;http://id.worldcat.org/fast/923962,Q273;Q249;Q154,,,
Epitaphs--Italy--15th century--Manuscripts,openn-form/genre,,epitaphs;Italy;Fifteenth century;Manuscripts,http://vocab.getty.edu/aat/300028729;http://id.worldcat.org/fast/1204565;http://id.worldcat.org/fast/923962;http://id.worldcat.org/fast/1424060,Q42564;Q249;Q154;Q331,,,
Manuscripts (documents)--England--Cambridge--20th century,openn-form/genre,,manuscripts (documents);England--Cambridge;Twentieth century,http://vocab.getty.edu/aat/300028569;http://id.worldcat.org/fast/1204479;http://id.worldcat.org/fast/1159810,Q10789;Q115051;Q5942,,,
Letters (correspondence)--England--Cambridge--20th century--Manuscripts,openn-form/genre,,letters (correspondence);England--Cambridge;Twentieth century;Manuscripts,http://vocab.getty.edu/aat/300026879;http://id.worldcat.org/fast/1204479;http://id.worldcat.org/fast/1159810;http://id.worldcat.org/fast/1424060,Q7110;Q115051;Q5942;Q331,,,
"Manuscripts, Latin --Italy --14th century",openn-form/genre,,"Manuscripts, Latin;Italy;Fourteenth century",http://id.worldcat.org/fast/1008395;http://id.worldcat.org/fast/1204565;http://id.worldcat.org/fast/933420,Q210;Q249;Q295,,,
Poems,openn-form/genre,,,,,poems,http://vocab.getty.edu/aat/300026451,Q273
Drawings,openn-form/genre,,drawings (visual works),http://vocab.getty.edu/aat/300033973,Q192,,,
Printed waste (Binding),openn-form/genre,,Printed waste,http://id.loc.gov/vocabulary/rbmscv/cv01764,Q5925,,,
"Manuscripts, Latin --England --London --16th century",openn-form/genre,,"Manuscripts, Latin;England--London;Sixteenth century",http://id.worldcat.org/fast/1008395;http://id.worldcat.org/fast/1204271;http://id.worldcat.org/fast/1119851,Q210;Q38890;Q335,,,
"Manuscripts, Latin --Italy --Ferrara (Province) --15th century",openn-form/genre,,"Manuscripts, Latin;Italy--Ferrara (Province);Fifteenth century",http://id.worldcat.org/fast/1008395;http://id.worldcat.org/fast/1330849;http://id.worldcat.org/fast/923962,Q210;Q115049;Q154,,,
Annotations (Provenance) --Italy --Ferrara (Province) --15th century --Manuscripts,openn-form/genre,,annotations;Italy--Ferrara (Province);Fifteenth century;Manuscripts,http://vocab.getty.edu/aat/300026100;http://id.worldcat.org/fast/1330849;http://id.worldcat.org/fast/923962;http://id.worldcat.org/fast/1424060,Q251;Q115049;Q154;Q331,,,
Manuscripts (documents) --England --15th century,openn-form/genre,,manuscripts (documents);England;Fifteenth century,http://vocab.getty.edu/aat/300028569;http://id.worldcat.org/fast/1219920;http://id.worldcat.org/fast/923962,Q10789;Q320;Q154,,,
Chronicles --England --15th century --Manuscripts,openn-form/genre,,chronicles;England;Fifteenth century;Manuscripts,http://vocab.getty.edu/aat/300026361;http://id.worldcat.org/fast/1219920;http://id.worldcat.org/fast/923962;http://id.worldcat.org/fast/1424060,Q176;Q320;Q154;Q331,,,
Annotations (Provenance) --England --16th century --Manuscripts,openn-form/genre,,annotations;England;Sixteenth century;Manuscripts,http://vocab.getty.edu/aat/300026100;http://id.worldcat.org/fast/1219920;http://id.worldcat.org/fast/1119851;http://id.worldcat.org/fast/1424060,Q251;Q320;Q335;Q331,,,
Annotations (Provenance) --England --17th century --Manuscripts,openn-form/genre,,annotations;England;Seventeenth century;Manuscripts,http://vocab.getty.edu/aat/300026100;http://id.worldcat.org/fast/1219920;http://id.worldcat.org/fast/1113663;http://id.worldcat.org/fast/1424060,Q251;Q320;Q2771;Q331,,,
Poems --England --15th century --Manuscripts,openn-form/genre,,poems;England;Fifteenth century;Manuscripts,http://vocab.getty.edu/aat/300026451;http://id.worldcat.org/fast/1219920;http://id.worldcat.org/fast/923962;http://id.worldcat.org/fast/1424060,Q273;Q320;Q154;Q331,,,
"Manuscripts, Latin --England --13th century",openn-form/genre,,"Manuscripts, Latin;England;Thirteenth century",http://id.worldcat.org/fast/1008395;http://id.worldcat.org/fast/1219920;http://id.worldcat.org/fast/1150138,Q210;Q320;Q245,,,
Dictionaries --England --13th century --Manuscripts,openn-form/genre,,dictionaries;England;Thirteenth century;Manuscripts,http://vocab.getty.edu/aat/300026186;http://id.worldcat.org/fast/1219920;http://id.worldcat.org/fast/1150138;http://id.worldcat.org/fast/1424060,Q2970;Q320;Q245;Q331,,,
Annotations (Provenance) --England,openn-form/genre,,annotations;England,http://vocab.getty.edu/aat/300026100;http://id.worldcat.org/fast/1219920,Q251;Q320,,,
"Manuscripts, Latin --13th century",openn-form/genre,,"Manuscripts, Latin;Thirteenth century",http://id.worldcat.org/fast/1008395;http://id.worldcat.org/fast/1150138,Q210;Q245,,,
Epigrams --Italy --15th century --Manuscripts,openn-form/genre,,epigrams;Italy;Fifteenth century;Manuscripts,http://vocab.getty.edu/aat/300202533;http://id.worldcat.org/fast/1204565;http://id.worldcat.org/fast/923962;http://id.worldcat.org/fast/1424060,Q4259;Q249;Q154;Q331,,,
Annotations (Provenance) --Italy --15th century,openn-form/genre,,annotations;Italy;Fifteenth century,http://vocab.getty.edu/aat/300026100;http://id.worldcat.org/fast/1204565;http://id.worldcat.org/fast/923962,Q251;Q249;Q154,,,
"Manuscripts, Latin --Germany --15th century",openn-form/genre,,"Manuscripts, Latin;Germany;Fifteenth century",http://id.worldcat.org/fast/1008395;http://id.worldcat.org/fast/1210272;http://id.worldcat.org/fast/923962,Q210;Q3032;Q154,,,
Manuscript waste (Binding) --13th century,openn-form/genre,,Manuscript waste;Thirteenth century,http://id.loc.gov/vocabulary/rbmscv/cv01568;http://id.worldcat.org/fast/1150138,Q5892;Q245,,,
Decretals --13th century --Manuscripts,openn-form/genre,,decretals;Thirteenth century;Manuscripts,http://vocab.getty.edu/aat/300026927;http://id.worldcat.org/fast/1150138;http://id.worldcat.org/fast/1424060,Q241;Q245;Q331,,,
Annotations (Provenance) --13th century,openn-form/genre,,annotations;Thirteenth century,http://vocab.getty.edu/aat/300026100;http://id.worldcat.org/fast/1150138,Q251;Q245,,,
