title_as_recorded,title_as_recorded_agr,authorized_label_add,ds_qid_add,authorized_label,ds_qid
[Breviary leaves].,,,,Breviary,Q657
In quacumque die,,,,,
Breviary.,,,,Breviary,Q657
[Manuscript leaf from a 13th century French glossed Bible].,,,,Bible,Q661
"Bible. Luke IV, 25b-35a.",,Bible;Gospel of Luke,Q661;Q1437,,
[L'abbaye cistercienne de Cambron legal dispute].,,Legal text,Q8041,,
[Manuscript leaf from a French pocket Bible].,,,,Bible,Q661
"Bible. Deuteronomy VII, 8- IX, 15.",,Bible;Book of Deuteronomy,Q661;Q20449,,
[Antiphonary for Palm Sunday].,,,,Antiphonary,Q654
Exurgo domine adiuva nos et libera nos propter nomen tuum,,,,,
Antiphonary,,,,Antiphonary,Q654
"[Processional],",,,,Processional,Q1336
[Book of Hours].,,,,Book of hours,Q795
habitares eligere dignatus es,,,,,
nascendo formam,,,,,
"[Donation, 1222 August, rent of ten Tournai sous, to Abbaye-Aux Dames].",,,,Donation,Q8307
Charter of Abbaye-Aux Dames (Donation),,Charter;Donation,Q8385;Q8307,,
"[Pseudo-Gilbertus, Liber Sex Principiorum : manuscript leaf]",,Liber sex Principiorum,Q27571,,
quod ex preterito est,,,,,
"[Dominican Sisters' office book],",,,,Office book,Q1467
[Obit book of the Parish Church of Saint-Martin and Saint-Magne in Nangis].,,,,Obituary book,Q27793
Martyrologe de Nangis terres de l'eglise de Nangis,,,,,
Tractatus de varys et virtutibus.,,,,,
Liber de varys et virtutibus,,,,,
"S[er]mo[n]es gl[ori]osi B[er]nardi de cena Do[mini] Yh[es]u,",,,,Sermon,Q1400
Sermones de cena Domini Jesu,,Sermon,Q1400,,
"In festo corpis xpi [christi] ad us[um] d[om]i[n]i,",,,,,
Breviary (Dominican),,Breviary,Q657,,
[Missal abreviatum].,,,,Missal,Q662
Missal,,,,Missal,Q662
[Gradual leaf].,,,,Gradual,Q1121
Kyrie leyson. Kyrie leyson,,,,,
Gradual,,,,Gradual,Q1121
[Bull of Pope Sixtus IV].,,,,Papal bull,Q1362
Sixtus Episcopus servus servorum Dei,,,,,
Literae de gratia (6 Aug. 1484),,,,,
[Noted Missal].,,,,Missal,Q662
Gloria in excelsis deo,,,,,
"[Receipt, 1401 July 26, of Pierre de Traville from Guillaument le Moine].",,,,Receipt,Q5981
[Vocabularium].,,,,Vocabularium,Q27526
Formicarius.,,Formicarius,Q115111,,
Speculum historiale.,,Speculum historiale,Q360,,
[Excerpts from The golden legend and Sermones de tempore] /,,,,Golden Legend;Sermones de tempore,Q7220;Q39773
Golden legend,,Golden Legend,Q7220,,
Legenda aurea,,,,Golden Legend,Q7220
Legenda aurea.,,,,Golden Legend,Q7220
Sermones de tempore.,,,,Sermones de tempore,Q39773
[Breviary fragment].,,,,Breviary,Q657
"[Bible leaf, Tobit].",,Bible;Book of Tobit,Q661;Q19991,,
"Tobit blinded, historiated initial from Apocrypha Bible book of Tobit",,Bible;Book of Tobit,Q661;Q19991,,
esdras librum coram omni multitudine,,,,,
Bible. Tobit.,,Bible;Book of Tobit,Q661;Q19991,,
[Psalter in Latin],,,,Psalter,Q660
oraison qui fau dire au com,,,,,
[Book of hours bifolium].,,,,Book of hours,Q795
Bekier ons god ouse heil geuer eum,,,,,
Book of hours.,,,,Book of hours,Q795
[Missal leaf].,,,,Missal,Q662
alii vero ieremiam,,,,,
Beauvais Missal,,,,Beauvais Missal;Missal,Q44072;Q662
Missal.,,,,Missal,Q662
[Prayer book].,,,,Prayer book,Q1486
exaltavit me et nunc exaltavit caput,,,,,
[Binding fragment from the Bible of Stephen Harding].,,Bible,Q661,,
"[Grant, 1241 March 1, of Land to the Abbey of La Garde-Dieu].",,Grant,Q5982,,
Daimaries de gordo filhs,,,,,
[Papal bull].,,,,Papal bull,Q1362
"Papal Bull, 1257 May 22, for the Cistercian Abbey of Jouy-en-Brie",,Papal bull,Q1362,,
ALEXANDER episcopus servus servorum dei,,,,,
[Missal fragment].,,,,Missal,Q662
O a quesumus domine,,,,,
[Foundation charter of Bruern Abbey].,,,,Charter,Q8385
Omnibus sanctae matris ecclesiae filius,,,,,
[Charter].,,,,Charter,Q8385
"Charter of the Duchess of Burgundy, France, 31 December 1436",,Charter,Q8385,,
Doni le maistre Compte Olivier Mairouss,,,,,
Homiliae in evangelia : [bifolium fragment],,Homiliae in Evangelia,Q44076,,
"ab eo enim quod est alere, altilia quasi",,,,,
[Catalonian legal document. sale of land],,Legal text;Sale,Q8041;Q6029,,
In nomini domini ego Mironi Geribertus,,,,,
"[Receipt, 1462 July 14, by Charles, Duke of Orleans' Valet, Blois, France]",,,,Receipt,Q5981
Je bertram richart varlet de chamber,,,,,
"[Receipt, 1440 March 5, of Marie of Cleves for Pierre Sauvage, Blois, France]",,,,Receipt,Q5981
Nous Marie duchesse d'orleans et de valois,,,,,
[Catalonian legal document],,Legal text,Q8041,,
"[Grant, 1182, of lands to the Abbey of Messines, France]",,Grant,Q5982,,
Willelmus dei gratia Remorum Archipepiscopus,,,,,
"[Pension, 1475, from Charles the Bold to Vassal Ranlequin de Fontaines, Nancy, Burgundy]",,,,Pension,Q27549
Charles par le grace dieu duc de bourgogne,,,,,
"[Legal complaint, 1386 May 10, of the Bishop of the Church in Nevers, Paris]",,Legal text,Q8041,,
Charles par la grace de dieu Roy de france,,,,,
[Calendar from a book of hours],,,,Calendar;Book of hours,Q1122;Q795
KL. Janvier. La circoncision,,,,,
[Liturgical manuscript binding fragment],,Liturgical text,Q10839,,
vallium profunditates,,,,,
[Breviary leaf],,,,Breviary,Q657
draco committeret bellum et Michael,,,,,
"[Grant, 1220 October 23, of church and land to the Dominicans of Milan].",,Grant,Q5982,,
In nomine domini anno dominicae,,,,,
[Sacramentary leaf],,,,Sacramentary,Q653
honorem cunctis proficiat ad salutem,,,,,
Sacramentary.,,,,Sacramentary,Q653
[Letter from King Charles V of France to the keeper of the royal salt store],,Letter,Q1454,,
Charles par la grace de dieu Roy de France,,,,,
"[Bible leaf, Deuteronomy]",,Bible;Book of Deuteronomy,Q661;Q20449,,
Leaf from a mammoth lectern Bible.,,Bible,Q661,,
[ia]cutus est dominus ad omnem multitudinem,,,,,
Bible. Deuteronomy.,,Bible;Book of Deuteronomy,Q661;Q20449,,
"[Bible leaf, Genesis]",,Bible;Book of Genesis,Q661;Q7274,,
Fragment of a leaf from an Atlantic Bible,,Bible,Q661,,
[aquas quae] erant sub firmamento ab his quae,,,,,
Bible. Genesis.,,Bible;Book of Genesis,Q661;Q7274,,
[Release and quitclaim by Hugh son of Simon of Rodes].,,,,Release and quitclaim,Q27831
Omnibus hoc scriptum visuris ut audituris,,,,,
"[Order, 1324 February 25, from Aimerie du Cros].",,,,Order,Q8304
"Aymericus de Croso, miles domini nostri",,,,,
Order from Aimerie du Cros,,Order,Q8304,,
"[Grant, 1427 October 1, of land from Sir William Babyngton to John and Matilda Howes].",,,,Land grant,Q27821
Sciant presentes et futuri quod nos William Babyngton,,,,,
Land grant made by Sir William Babyngton to John and Matilda Howes,,,,,
Grant for the transfer of land in Barwell,,,,,
Omnibus christi fidelibus hoc scriptum,,,,,
[Bible leaf with historiated initial].,,,,Bible,Q661
fecerunt ex eis in illo die XXV milia et centum viros,,,,,
"[Bible leaf, Ezekiel].",,Bible;Book of Ezekiel,Q661;Q1342,,
Leaf from the Bohun family bible,,Bible;Bohun Bible,Q661;Q108701,,
Bohun Bible,,Bible;Bohun Bible,Q661;Q108701,,
[fecis]tis cor iusti mendaciter,,,,,
Bible. Ezekiel.,,Bible;Book of Ezekiel,Q661;Q1342,,
[Antiphonal leaf].,,,,Antiphonary,Q654
ri commutemur deo christiani,,,,,
Antiphonal.,,,,Antiphonary,Q654
Expositio in regulam S. Benedicti.,,,,,
Commentary on the Rule of Saint Benedict,,Rule of Saint Benedict,Q39528,,
Incipit prohemium bernardi cassinetum,,,,,
[Book of hours].,,,,Book of hours,Q795
nerunt it[v]sohnia[m] vicentes,,,,,
"[Speculum historiale, bifolium fragment]",,,,Speculum historiale,Q360
"Vincent of Beauvais, Speculum Historiale, Low Countries or France",,,,,
rus spatis sicautas urea me ua,,,,,
[Binding fragment from Justinian's Corpus Iuris Civilis],,,,Corpus Juris Civilis,Q5057
Corpus juris civilis.,,,,Corpus Juris Civilis,Q5057
[Bifolium fragment from Vulgate Bible].,,,,Bible,Q661
fieret accepta aqua lauit manus coram populo,,,,,
Bible.,,,,Bible,Q661
Bible. Matthew.,,Bible;Gospel of Matthew,Q661;Q1389,,
"[Receipt from Luytghart Mertens in Flemish, Bethlehem near Louvain]",,,,Receipt,Q5981
"[Legal document, Flemish, Bethlehem near Louvain]",,Legal text,Q8041,,
[Binding fragment from Glossa ordinaria],,Glossa ordinaria,Q1116,,
Glossa ordinaria in Decretales.,,Glossa ordinaria,Q1116,,
[Binding fragments in University Script],,,,,
[Binding fragments of Hugh of St. Victor],,,,,
"[Acknowledgement by brother Wouter Everaerts of monastic house, in Flemish]",,,,Acknowledgement,Q27527
Le brueder ... Eneraert?,,,,,
[Leaf from a censier or rent book of tenant farms in La Chapelle].,,,,Rent book,Q27848
Les heres pares,,,,,
[Choirbook leaf fragment decorated with monastery and two figures],,,,Choir book,Q1449
diuinitatis tue ... laudabilis et gloriosus in se cularone ne,,,,,
[Bifolium fragment from a choirbook],,,,Choir book,Q1449
"Kyrie Eleison, Kyrie Eleison, Kyrie Eleison, Christe Eleison ...",,,,,
[Choirbook leaf fragment],,,,Choir book,Q1449
O quam gloriosum est regnum,,,,,
[Cistercian Missal leaf].,,,,Missal,Q662
In illo tempore: Maria stabat ad monumentum foris plorans,,,,,
[Leaf from Magna Glossatura in Epistolas Pauli].,,Magna glossatura;Pauline Epistles,Q1481;Q38384,,
Ergo dum tempus habemus operemur bonum,,,,,
[Carolingian liturgical manuscript fragment].,,,,,
amandatum tuum praeterii et numquam,,,,,
[Book of hours leaf],,,,Book of hours,Q795
memorie die anthone antiphona,,,,,
Book of Hours.,,,,Book of hours,Q795
De corpore et sanguine domini.,,,,De corpore et sanguine Domini,Q812
On the body and blood of the Lord,,,,,
Regis adirȩ sacre qui uis sollempnia mense,,,,,
"[Breviary for Day Offices],",,,,Breviary,Q657
Omnia que fecisti nobis domine in uero,,,,,
[Leaf from a Breviary].,,,,Breviary,Q657
verbum quod audistis iterum mandatum novum scribo vobis,,,,,
Bible. Epistles of John.,,Bible;Epistles of John,Q661;Q1321,,
"[German Missal Fragment, 14th century].",,,,Missal,Q662
[Binding fragment].,,,,,
[Leaf from a Missal].,,,,Missal,Q662
Et dum irent per uiam uenerunt ad aquam quandam et ait eunuchus,,,,,
[Leaf from 13th century French pocket Bible],,Bible,Q661,,
corde ad credendum in omnibus quæ locuti sunt prophetæ,,,,,
"[Leaf from the Papal Bull ""Exivi de paradiso"" of Pope Clement V].",,,,Papal bull,Q1362
Exivi de Paradiso from the Constitutiones Clementinae,,Clementine Constitutions,Q20002,,
Bull on the Rule of the Friars Minor,,Papal bull,Q1362,,
Declaration of the supreme Pontiff on the Rule of the Friars Minor,,,,,
bus messium et vindemiarum,,,,,
[Prayer book leaf].,,Prayer book,Q1486,,
"Saint Agnes holding her attribute, historiated initial on a Leaf from a Prayer Book.",,Prayer book,Q1486,,
De sancta agnete virginis,,,,,
[Manuscript in Arabic].,,,,,
"[Bible cutting, Matthew].",,Bible;Gospel of Matthew,Q661;Q1389,,
Cutting from a Biblical manuscript,,Bible,Q661,,
tris suis hedos,,,,,
"Postilla litteralis in vetus testamentum, pars.",,,,,
afflictionem iniustam gabanitarum [sic] facta per saul,,,,,
Leaf from De finibus bonorum et malorum.,,,,De finibus bonorum et malorum,Q27735
De Finibus bonorum et malorum,,,,De finibus bonorum et malorum,Q27735
visset evelli iussit eam,,,,,
Leaf from the Llangattock breviary.,,,,Breviary;Llangattock Breviary,Q657;Q44092
Llangattock breviary,,Breviary;Llangattock Breviary,Q657;Q44092,,
mini a generatione ista,,,,,
Llangattock breviary.,,Breviary;Llangattock Breviary,Q657;Q44092,,
Qurʼan manuscript.,,,,Qurʼan,Q3697
Qurʼan.,,,,Qurʼan,Q3697
"[Bible leaf, Daniel].",,Bible;Book of Daniel,Q661;Q20511,,
Leaf from a 13th century Vulgate Bible,,Bible,Q661,,
cornu magnum et orta sunt,,,,,
Bible. Daniel.,,Bible;Book of Daniel,Q661;Q20511,,
Leaf from a Qurʼan manuscript.,,,,Qurʼan,Q3697
Cutting from Etymologiae.,,,,Etymologiae,Q359
ut dixi non,,,,,
"[Lease, 1474 May 26, between Jacop Moeylinen and Ghijsel Maes]",,,,Lease,Q815
[Miscellany of sermons] /,,,,Sermon,Q1400
"Sermons by Caesaurius of Arles, Eusebius Gallicanus, Eucherius of Lyon and Faustus of Riez; Augustine, Regula; Hugh of St. Victor, Expositio in regulam beati Augustini (Commentary on the Rule of the Blessed Augustine); Pope Benedict XII, Constitutio sive extravagans: De apostatis et vagabundis; Pope Urban V, Constitutio de novicis recipiendis",,Sermon,Q1400,,
putamus nos precibus nostris mundi ipsi succurrere,,,,,
Leaf from Ab urbe condita.,,,,History of Rome,Q1324
Ab Urbe Condita Libri XXIV ('On the History of Rome') in Latin,,History of Rome,Q1324,,
discurritur et urbis,,,,,
Ab urbe condita.,,,,History of Rome,Q1324
"[Receipt, 1486 July 16, for the final payment of the settlement of the late King Louis XI]",,,,Receipt,Q5981
"Document from the court of Louis XI, King of France",,,,,
Je Michel Marquet,,,,,
Leaf from a 16th century Prayer Book in Latin,,Prayer book,Q1486,,
me conforta me et setisica me,,,,,
[Fragments from Renaut de Montauban],,,,Renaut de Montauban,Q27564
Nous vous avons forment et proisie et loe,,,,,
[Leaf from a Coptic Arabic Lent Lectionary],,Lectionary,Q663,,
[Book of hours : Use in Paris].,,Book of hours,Q795,,
Salve sancta facies nostri redemptoris,,,,,
[Fagment from a Noted Missal],,Missal,Q662,,
[Leaf from a large Missal].,,Missal,Q662,,
Exsultate Deo adjutori nostro jubilate Deo Jacob Sumite psalmum,,,,,
[Fragment of a Legal Manuscript],,Legal text,Q8041,,
[Fragment from a Carolingian manuscript],,,,,
[Leaf from Interpretationes Hebraicorum Nominum],,Interpretationes nominum Hebraicorum,Q357,,
Interpretationes Hebraicorum nominum.,,Interpretationes nominum Hebraicorum,Q357,,
[Leaf from an Antiphonary for Matins].,,,,Antiphonary,Q654
fratribus suis ecce ismahelite transeunt uenite uenundetur,,,,,
[Bifolium from a Missal].,,,,Missal,Q662
[Leaf from Gregory's Homilarium in Evangelica],,Homiliae in Evangelia,Q44076,,
Prius quam erogator eis,,,,,
Homilarium in Evangelica,,Homiliae in Evangelia,Q44076,,
[Cutting from Palladius's Historia Lausiaca],,,,Lausiac History,Q100834
Historia Lausiaca,,Lausiac History,Q100834,,
[Leaf from Rationale divinorum officiorum],,Rationale divinorum officiorum,Q7853,,
Rationale divinorum officiorum,,,,Rationale divinorum officiorum,Q7853
"[Papal document, 1424 or 1430 January 26, for the church of St. John the Baptist in Turin]",,,,,
Papal Bull of Benedict XIV,,Papal bull,Q1362,,
