signature,description,instanceOf,materialDS,centuryDS,earliestDate,latestDate,placeDS,scribeWikidata,artistWikidata,scriptNotes,languageWikidata,titleRecord,titleStandard,titleDS,authorWikidata,ownerWikidata,holderWikidata,DSID,institutionalID,shelfmark,iiifURL,record,search,link,dsItemID
"Bethlehem, Pennsylvania, Lehigh University, SC MS 0431 GU 13K","manuscript containing Binding fragment, possibly a gloss",Q87167,https://catalog.digital-scriptorium.org/entity/Q33,,,,,,,Script: Gothic,Q397,"Binding fragment, possibly a gloss",Binding fragment,https://catalog.digital-scriptorium.org/entity/Q10843,,,Q622137,DS30413,SC MS 0431 GU 13K,SC MS 0431 GU 13K,https://preserve.lehigh.edu/node/450566/book-manifest,https://catalog.digital-scriptorium.org/entity/Q114512,https://search.digital-scriptorium.org/catalog/DS30413,https://preserve.lehigh.edu/digital-special-collections/medieval-manuscripts/medieval-leaves-fragments-donated-georgetown-23,https://catalog.digital-scriptorium.org/entity/Q114511
"Bethlehem, Pennsylvania, Lehigh University, SC MS 0431 GU 13M",manuscript containing Binding fragment,Q87167,https://catalog.digital-scriptorium.org/entity/Q33,https://catalog.digital-scriptorium.org/entity/Q97,1400,1499,,,,Script: Gothic,Q397,Binding fragment,Binding fragment,https://catalog.digital-scriptorium.org/entity/Q10843,,,Q622137,DS30414,SC MS 0431 GU 13M,SC MS 0431 GU 13M,https://preserve.lehigh.edu/node/450572/book-manifest,https://catalog.digital-scriptorium.org/entity/Q114515,https://search.digital-scriptorium.org/catalog/DS30414,https://preserve.lehigh.edu/digital-special-collections/medieval-manuscripts/medieval-leaves-fragments-donated-georgetown-25,https://catalog.digital-scriptorium.org/entity/Q114514
"Bethlehem, Pennsylvania, Lehigh University, SC MS 0431 GU 13N",manuscript containing Binding fragment,Q87167,https://catalog.digital-scriptorium.org/entity/Q33,,,,,,,Script: Gothic,Q397,Binding fragment,Binding fragment,https://catalog.digital-scriptorium.org/entity/Q10843,,,Q622137,DS30415,SC MS 0431 GU 13N,SC MS 0431 GU 13N,https://preserve.lehigh.edu/node/450575/book-manifest,https://catalog.digital-scriptorium.org/entity/Q114518,https://search.digital-scriptorium.org/catalog/DS30415,https://preserve.lehigh.edu/digital-special-collections/medieval-manuscripts/medieval-leaves-fragments-donated-georgetown-26,https://catalog.digital-scriptorium.org/entity/Q114517
"Bethlehem, Pennsylvania, Lehigh University, SC MS 0431 GU 13O",manuscript containing Binding fragment with neumes,Q87167,https://catalog.digital-scriptorium.org/entity/Q33,,,,,,,Script: Gothic,Q397,Binding fragment with neumes,Binding fragment|Music,https://catalog.digital-scriptorium.org/entity/Q10843|https://catalog.digital-scriptorium.org/entity/Q20017,,,Q622137,DS30416,SC MS 0431 GU 13O,SC MS 0431 GU 13O,https://preserve.lehigh.edu/node/450578/book-manifest,https://catalog.digital-scriptorium.org/entity/Q114521,https://search.digital-scriptorium.org/catalog/DS30416,https://preserve.lehigh.edu/digital-special-collections/medieval-manuscripts/medieval-leaves-fragments-donated-georgetown-27,https://catalog.digital-scriptorium.org/entity/Q114520
"Bethlehem, Pennsylvania, Lehigh University, SC MS 0431 GU 13T",manuscript containing Binding fragment with neumes,Q87167,https://catalog.digital-scriptorium.org/entity/Q33,,,,,,,Script: Gothic,Q397,Binding fragment with neumes,Binding fragment|Music,https://catalog.digital-scriptorium.org/entity/Q10843|https://catalog.digital-scriptorium.org/entity/Q20017,,,Q622137,DS30420,SC MS 0431 GU 13T,SC MS 0431 GU 13T,https://preserve.lehigh.edu/node/450593/book-manifest,https://catalog.digital-scriptorium.org/entity/Q114533,https://search.digital-scriptorium.org/catalog/DS30420,https://preserve.lehigh.edu/digital-special-collections/medieval-manuscripts/medieval-leaves-fragments-donated-georgetown-32,https://catalog.digital-scriptorium.org/entity/Q114532
"Bethlehem, Pennsylvania, Lehigh University, SC MS 0431 GU 13P",manuscript containing Binding fragment with interlinear neumes,Q87167,https://catalog.digital-scriptorium.org/entity/Q33,,,,,,,Script: Carolingian,Q397,Binding fragment with interlinear neumes,Binding fragment|Music,https://catalog.digital-scriptorium.org/entity/Q10843|https://catalog.digital-scriptorium.org/entity/Q20017,,,Q622137,DS30417,SC MS 0431 GU 13P,SC MS 0431 GU 13P,https://preserve.lehigh.edu/node/450581/book-manifest,https://catalog.digital-scriptorium.org/entity/Q114524,https://search.digital-scriptorium.org/catalog/DS30417,https://preserve.lehigh.edu/digital-special-collections/medieval-manuscripts/medieval-leaves-fragments-donated-georgetown-28,https://catalog.digital-scriptorium.org/entity/Q114523
"Bethlehem, Pennsylvania, Lehigh University, SC MS 0431 GU 13Q",manuscript containing Binding fragment pasted to paper,Q87167,https://catalog.digital-scriptorium.org/entity/Q33,https://catalog.digital-scriptorium.org/entity/Q97,1484,1484,https://catalog.digital-scriptorium.org/entity/Q122,,,Script: Gothic,Q397,Binding fragment pasted to paper,Binding fragment,https://catalog.digital-scriptorium.org/entity/Q10843,,,Q622137,DS30418,SC MS 0431 GU 13Q,SC MS 0431 GU 13Q,https://preserve.lehigh.edu/node/450584/book-manifest,https://catalog.digital-scriptorium.org/entity/Q114527,https://search.digital-scriptorium.org/catalog/DS30418,https://preserve.lehigh.edu/digital-special-collections/medieval-manuscripts/medieval-leaves-fragments-donated-georgetown-29,https://catalog.digital-scriptorium.org/entity/Q114526
"Bethlehem, Pennsylvania, Lehigh University, SC MS 0431 GU 13S",manuscript containing Binding fragment from a prayer book,Q87167,https://catalog.digital-scriptorium.org/entity/Q33,,,,,,,Script: Gothic,Q397,Binding fragment from a prayer book,Prayer book|Binding fragment,https://catalog.digital-scriptorium.org/entity/Q1486|https://catalog.digital-scriptorium.org/entity/Q10843,,,Q622137,DS30419,SC MS 0431 GU 13S,SC MS 0431 GU 13S,https://preserve.lehigh.edu/node/450590/book-manifest,https://catalog.digital-scriptorium.org/entity/Q114530,https://search.digital-scriptorium.org/catalog/DS30419,https://preserve.lehigh.edu/digital-special-collections/medieval-manuscripts/medieval-leaves-fragments-donated-georgetown-31,https://catalog.digital-scriptorium.org/entity/Q114529
"Bethlehem, Pennsylvania, Lehigh University, SC MS 0431 GU 13U",manuscript containing Two binding fragments,Q87167,https://catalog.digital-scriptorium.org/entity/Q33,,,,,,,Script: Gothic,Q397,Two binding fragments,Binding fragment,https://catalog.digital-scriptorium.org/entity/Q10843,,,Q622137,DS30421,SC MS 0431 GU 13U,SC MS 0431 GU 13U,https://preserve.lehigh.edu/node/450596/book-manifest,https://catalog.digital-scriptorium.org/entity/Q114536,https://search.digital-scriptorium.org/catalog/DS30421,https://preserve.lehigh.edu/digital-special-collections/medieval-manuscripts/medieval-leaves-fragments-donated-georgetown/two,https://catalog.digital-scriptorium.org/entity/Q114535
"Bethlehem, Pennsylvania, Lehigh University, SC MS 0431 GU 13V",manuscript containing Binding fragment,Q87167,https://catalog.digital-scriptorium.org/entity/Q33,,,,,,,Script: Gothic,Q397,Binding fragment,Binding fragment,https://catalog.digital-scriptorium.org/entity/Q10843,,,Q622137,DS30422,SC MS 0431 GU 13V,SC MS 0431 GU 13V,https://preserve.lehigh.edu/node/450599/book-manifest,https://catalog.digital-scriptorium.org/entity/Q114539,https://search.digital-scriptorium.org/catalog/DS30422,https://preserve.lehigh.edu/digital-special-collections/medieval-manuscripts/medieval-leaves-fragments-donated-georgetown-33,https://catalog.digital-scriptorium.org/entity/Q114538
"Bethlehem, Pennsylvania, Lehigh University, SC MS 0431 GU 13X",manuscript containing Binding fragment from 17th century,Q87167,https://catalog.digital-scriptorium.org/entity/Q31,,,,,,,Script: Cursive,,Binding fragment from 17th century,Binding fragment,https://catalog.digital-scriptorium.org/entity/Q10843,,,Q622137,DS30423,SC MS 0431 GU 13X,SC MS 0431 GU 13X,https://preserve.lehigh.edu/node/450602/book-manifest,https://catalog.digital-scriptorium.org/entity/Q114542,https://search.digital-scriptorium.org/catalog/DS30423,https://preserve.lehigh.edu/digital-special-collections/medieval-manuscripts/medieval-leaves-fragments-donated-georgetown-34,https://catalog.digital-scriptorium.org/entity/Q114541
"Bethlehem, Pennsylvania, Lehigh University, SC MS 0431 GU 13Y",manuscript containing Binding fragment from 17th century,Q87167,https://catalog.digital-scriptorium.org/entity/Q31,,,,,,,,,Binding fragment from 17th century,Binding fragment,https://catalog.digital-scriptorium.org/entity/Q10843,,,Q622137,DS30424,SC MS 0431 GU 13Y,SC MS 0431 GU 13Y,https://preserve.lehigh.edu/node/450605/book-manifest,https://catalog.digital-scriptorium.org/entity/Q114545,https://search.digital-scriptorium.org/catalog/DS30424,https://preserve.lehigh.edu/digital-special-collections/medieval-manuscripts/medieval-leaves-fragments-donated-georgetown-35,https://catalog.digital-scriptorium.org/entity/Q114544
"Bethlehem, Pennsylvania, Lehigh University, SC MS 0431 GU 14A",manuscript containing Single leaf from a liturgical book,Q87167,https://catalog.digital-scriptorium.org/entity/Q33,,,,,,,Script: Gothic,Q397,Single leaf from a liturgical book,Liturgical text|Binding fragment,https://catalog.digital-scriptorium.org/entity/Q10839|https://catalog.digital-scriptorium.org/entity/Q10843,,,Q622137,DS30425,SC MS 0431 GU 14A,SC MS 0431 GU 14A,https://preserve.lehigh.edu/node/450608/book-manifest,https://catalog.digital-scriptorium.org/entity/Q114548,https://search.digital-scriptorium.org/catalog/DS30425,https://preserve.lehigh.edu/digital-special-collections/medieval-manuscripts/medieval-leaves-fragments-donated-georgetown-36,https://catalog.digital-scriptorium.org/entity/Q114547
"Bethlehem, Pennsylvania, Lehigh University, SC MS 0431 GU 14B",manuscript containing Single leaf from a liturgical book,Q87167,https://catalog.digital-scriptorium.org/entity/Q33,,,,,,,Script: Gothic,Q397,Single leaf from a liturgical book,Liturgical text|Binding fragment,https://catalog.digital-scriptorium.org/entity/Q10839|https://catalog.digital-scriptorium.org/entity/Q10843,,,Q622137,DS30426,SC MS 0431 GU 14B,SC MS 0431 GU 14B,https://preserve.lehigh.edu/node/450611/book-manifest,https://catalog.digital-scriptorium.org/entity/Q114551,https://search.digital-scriptorium.org/catalog/DS30426,https://preserve.lehigh.edu/digital-special-collections/medieval-manuscripts/medieval-leaves-fragments-donated-georgetown-37,https://catalog.digital-scriptorium.org/entity/Q114550
"Bethlehem, Pennsylvania, Lehigh University, SC MS 0431 GU 14C",manuscript containing Single leaf from a liturgical book,Q87167,https://catalog.digital-scriptorium.org/entity/Q33,,,,,,,Script: Gothic,Q397,Single leaf from a liturgical book,Liturgical text|Binding fragment,https://catalog.digital-scriptorium.org/entity/Q10839|https://catalog.digital-scriptorium.org/entity/Q10843,,,Q622137,DS30427,SC MS 0431 GU 14C,SC MS 0431 GU 14C,https://preserve.lehigh.edu/node/450614/book-manifest,https://catalog.digital-scriptorium.org/entity/Q114554,https://search.digital-scriptorium.org/catalog/DS30427,https://preserve.lehigh.edu/digital-special-collections/medieval-manuscripts/medieval-leaves-fragments-donated-georgetown-38,https://catalog.digital-scriptorium.org/entity/Q114553
"Bethlehem, Pennsylvania, Lehigh University, SC MS 0431 GU 14D",manuscript containing Single leaf from a liturgical book,Q87167,https://catalog.digital-scriptorium.org/entity/Q33,,,,,,,Script: Gothic,Q397,Single leaf from a liturgical book,Liturgical text|Binding fragment,https://catalog.digital-scriptorium.org/entity/Q10839|https://catalog.digital-scriptorium.org/entity/Q10843,,,Q622137,DS30428,SC MS 0431 GU 14D,SC MS 0431 GU 14D,https://preserve.lehigh.edu/node/450617/book-manifest,https://catalog.digital-scriptorium.org/entity/Q114557,https://search.digital-scriptorium.org/catalog/DS30428,https://preserve.lehigh.edu/digital-special-collections/medieval-manuscripts/medieval-leaves-fragments-donated-georgetown-39,https://catalog.digital-scriptorium.org/entity/Q114556
"Bethlehem, Pennsylvania, Lehigh University, SC MS 0431 GU 14E",manuscript containing Single leaf from a liturgical book,Q87167,https://catalog.digital-scriptorium.org/entity/Q33,,,,,,,Script: Gothic,Q397,Single leaf from a liturgical book,Liturgical text|Binding fragment,https://catalog.digital-scriptorium.org/entity/Q10839|https://catalog.digital-scriptorium.org/entity/Q10843,,,Q622137,DS30429,SC MS 0431 GU 14E,SC MS 0431 GU 14E,https://preserve.lehigh.edu/node/450620/book-manifest,https://catalog.digital-scriptorium.org/entity/Q114560,https://search.digital-scriptorium.org/catalog/DS30429,https://preserve.lehigh.edu/digital-special-collections/medieval-manuscripts/medieval-leaves-fragments-donated-georgetown-40,https://catalog.digital-scriptorium.org/entity/Q114559
"Bethlehem, Pennsylvania, Lehigh University, SC MS 0431 GU 14F",manuscript containing Single leaf from a liturgical book,Q87167,https://catalog.digital-scriptorium.org/entity/Q33,,,,,,,Script: Gothic,Q397,Single leaf from a liturgical book,Liturgical text|Binding fragment,https://catalog.digital-scriptorium.org/entity/Q10839|https://catalog.digital-scriptorium.org/entity/Q10843,,,Q622137,DS30430,SC MS 0431 GU 14F,SC MS 0431 GU 14F,https://preserve.lehigh.edu/node/450623/book-manifest,https://catalog.digital-scriptorium.org/entity/Q114563,https://search.digital-scriptorium.org/catalog/DS30430,https://preserve.lehigh.edu/digital-special-collections/medieval-manuscripts/medieval-leaves-fragments-donated-georgetown-41,https://catalog.digital-scriptorium.org/entity/Q114562
"Bethlehem, Pennsylvania, Lehigh University, SC MS 0431 GU 14G",manuscript containing Single leaf from a liturgical book,Q87167,https://catalog.digital-scriptorium.org/entity/Q33,,,,,,,Script: Gothic,Q397,Single leaf from a liturgical book,Liturgical text|Binding fragment,https://catalog.digital-scriptorium.org/entity/Q10839|https://catalog.digital-scriptorium.org/entity/Q10843,,,Q622137,DS30431,SC MS 0431 GU 14G,SC MS 0431 GU 14G,https://preserve.lehigh.edu/node/450625/book-manifest,https://catalog.digital-scriptorium.org/entity/Q114566,https://search.digital-scriptorium.org/catalog/DS30431,https://preserve.lehigh.edu/digital-special-collections/medieval-manuscripts/medieval-leaves-fragments-donated-georgetown-42,https://catalog.digital-scriptorium.org/entity/Q114565
"Bethlehem, Pennsylvania, Lehigh University, SC MS 0431 GU 14H",manuscript containing Single leaf from a liturgical book,Q87167,https://catalog.digital-scriptorium.org/entity/Q33,,,,,,,Script: Gothic,Q397,Single leaf from a liturgical book,Liturgical text|Binding fragment,https://catalog.digital-scriptorium.org/entity/Q10839|https://catalog.digital-scriptorium.org/entity/Q10843,,,Q622137,DS30432,SC MS 0431 GU 14H,SC MS 0431 GU 14H,https://preserve.lehigh.edu/node/450628/book-manifest,https://catalog.digital-scriptorium.org/entity/Q114569,https://search.digital-scriptorium.org/catalog/DS30432,https://preserve.lehigh.edu/digital-special-collections/medieval-manuscripts/medieval-leaves-fragments-donated-georgetown-43,https://catalog.digital-scriptorium.org/entity/Q114568
"Bethlehem, Pennsylvania, Lehigh University, SC MS 0431 GU 14I",manuscript containing Single leaf from a liturgical book,Q87167,https://catalog.digital-scriptorium.org/entity/Q33,,,,,,,Script: Gothic,Q397,Single leaf from a liturgical book,Liturgical text|Binding fragment,https://catalog.digital-scriptorium.org/entity/Q10839|https://catalog.digital-scriptorium.org/entity/Q10843,,,Q622137,DS30433,SC MS 0431 GU 14I,SC MS 0431 GU 14I,https://preserve.lehigh.edu/node/450631/book-manifest,https://catalog.digital-scriptorium.org/entity/Q114572,https://search.digital-scriptorium.org/catalog/DS30433,https://preserve.lehigh.edu/digital-special-collections/medieval-manuscripts/medieval-leaves-fragments-donated-georgetown-44,https://catalog.digital-scriptorium.org/entity/Q114571
"Bethlehem, Pennsylvania, Lehigh University, SC MS 0431 GU 14J",manuscript containing Single leaf from a liturgical book,Q87167,https://catalog.digital-scriptorium.org/entity/Q33,,,,,,,Script: Gothic,Q397,Single leaf from a liturgical book,Liturgical text|Binding fragment,https://catalog.digital-scriptorium.org/entity/Q10839|https://catalog.digital-scriptorium.org/entity/Q10843,,,Q622137,DS30434,SC MS 0431 GU 14J,SC MS 0431 GU 14J,https://preserve.lehigh.edu/node/450634/book-manifest,https://catalog.digital-scriptorium.org/entity/Q114575,https://search.digital-scriptorium.org/catalog/DS30434,https://preserve.lehigh.edu/digital-special-collections/medieval-manuscripts/medieval-leaves-fragments-donated-georgetown-45,https://catalog.digital-scriptorium.org/entity/Q114574
"Bethlehem, Pennsylvania, Lehigh University, SC MS 0431 GU 14K",manuscript containing Single leaf from a liturgical book,Q87167,https://catalog.digital-scriptorium.org/entity/Q33,,,,,,,Script: Gothic,Q397,Single leaf from a liturgical book,Liturgical text|Binding fragment,https://catalog.digital-scriptorium.org/entity/Q10839|https://catalog.digital-scriptorium.org/entity/Q10843,,,Q622137,DS30435,SC MS 0431 GU 14K,SC MS 0431 GU 14K,https://preserve.lehigh.edu/node/450637/book-manifest,https://catalog.digital-scriptorium.org/entity/Q114578,https://search.digital-scriptorium.org/catalog/DS30435,https://preserve.lehigh.edu/digital-special-collections/medieval-manuscripts/medieval-leaves-fragments-donated-georgetown-46,https://catalog.digital-scriptorium.org/entity/Q114577
"Bethlehem, Pennsylvania, Lehigh University, SC MS 0431 GU 14L",manuscript containing Single leaf from a liturgical book,Q87167,https://catalog.digital-scriptorium.org/entity/Q33,,,,,,,Script: Gothic,Q397,Single leaf from a liturgical book,Liturgical text|Binding fragment,https://catalog.digital-scriptorium.org/entity/Q10839|https://catalog.digital-scriptorium.org/entity/Q10843,,,Q622137,DS30436,SC MS 0431 GU 14L,SC MS 0431 GU 14L,https://preserve.lehigh.edu/node/450640/book-manifest,https://catalog.digital-scriptorium.org/entity/Q114581,https://search.digital-scriptorium.org/catalog/DS30436,https://preserve.lehigh.edu/digital-special-collections/medieval-manuscripts/medieval-leaves-fragments-donated-georgetown-47,https://catalog.digital-scriptorium.org/entity/Q114580
"Bethlehem, Pennsylvania, Lehigh University, SC MS 0431 GU 14M",manuscript containing Single leaf from a liturgical book,Q87167,https://catalog.digital-scriptorium.org/entity/Q33,,,,,,,Script: Gothic,Q397,Single leaf from a liturgical book,Liturgical text|Binding fragment,https://catalog.digital-scriptorium.org/entity/Q10839|https://catalog.digital-scriptorium.org/entity/Q10843,,,Q622137,DS30437,SC MS 0431 GU 14M,SC MS 0431 GU 14M,https://preserve.lehigh.edu/node/450643/book-manifest,https://catalog.digital-scriptorium.org/entity/Q114584,https://search.digital-scriptorium.org/catalog/DS30437,https://preserve.lehigh.edu/digital-special-collections/medieval-manuscripts/medieval-leaves-fragments-donated-georgetown-48,https://catalog.digital-scriptorium.org/entity/Q114583
"Bethlehem, Pennsylvania, Lehigh University, SC MS 0431 GU 15A",manuscript containing Binding fragment with neumes,Q87167,https://catalog.digital-scriptorium.org/entity/Q33,,,,,,,Script: Gothic,Q397,Binding fragment with neumes,Binding fragment|Music,https://catalog.digital-scriptorium.org/entity/Q10843|https://catalog.digital-scriptorium.org/entity/Q20017,,,Q622137,DS30438,SC MS 0431 GU 15A,SC MS 0431 GU 15A,https://preserve.lehigh.edu/node/450646/book-manifest,https://catalog.digital-scriptorium.org/entity/Q114587,https://search.digital-scriptorium.org/catalog/DS30438,https://preserve.lehigh.edu/digital-special-collections/medieval-manuscripts/medieval-leaves-fragments-donated-georgetown-49,https://catalog.digital-scriptorium.org/entity/Q114586
"Bethlehem, Pennsylvania, Lehigh University, SC MS 0431 GU 15B",manuscript containing Binding fragment with neumes and decorated initial,Q87167,https://catalog.digital-scriptorium.org/entity/Q33,,,,,,,Script: Gothic,Q397,Binding fragment with neumes and decorated initial,Binding fragment|Decorated initial|Music,https://catalog.digital-scriptorium.org/entity/Q10843|https://catalog.digital-scriptorium.org/entity/Q19949|https://catalog.digital-scriptorium.org/entity/Q20017,,,Q622137,DS30439,SC MS 0431 GU 15B,SC MS 0431 GU 15B,https://preserve.lehigh.edu/node/450649/book-manifest,https://catalog.digital-scriptorium.org/entity/Q114590,https://search.digital-scriptorium.org/catalog/DS30439,https://preserve.lehigh.edu/digital-special-collections/medieval-manuscripts/medieval-leaves-fragments-donated-georgetown-50,https://catalog.digital-scriptorium.org/entity/Q114589
"Bethlehem, Pennsylvania, Lehigh University, SC MS 0431 GU 15C",manuscript containing Binding fragment with neumes,Q87167,https://catalog.digital-scriptorium.org/entity/Q33,,,,,,,Script: Gothic,Q397,Binding fragment with neumes,Binding fragment|Music,https://catalog.digital-scriptorium.org/entity/Q10843|https://catalog.digital-scriptorium.org/entity/Q20017,,,Q622137,DS30440,SC MS 0431 GU 15C,SC MS 0431 GU 15C,https://preserve.lehigh.edu/node/450652/book-manifest,https://catalog.digital-scriptorium.org/entity/Q114593,https://search.digital-scriptorium.org/catalog/DS30440,https://preserve.lehigh.edu/digital-special-collections/medieval-manuscripts/medieval-leaves-fragments-donated-georgetown-51,https://catalog.digital-scriptorium.org/entity/Q114592
"Bethlehem, Pennsylvania, Lehigh University, SC MS 0431 GU 15D",manuscript containing Clipping of a decorated initial,Q87167,https://catalog.digital-scriptorium.org/entity/Q33,,,,,,,Script: Gothic,Q397,Clipping of a decorated initial,Decorated initial,https://catalog.digital-scriptorium.org/entity/Q19949,,,Q622137,DS30441,SC MS 0431 GU 15D,SC MS 0431 GU 15D,https://preserve.lehigh.edu/node/450655/book-manifest,https://catalog.digital-scriptorium.org/entity/Q114596,https://search.digital-scriptorium.org/catalog/DS30441,https://preserve.lehigh.edu/digital-special-collections/medieval-manuscripts/medieval-leaves-fragments-donated-georgetown-52,https://catalog.digital-scriptorium.org/entity/Q114595
"Bethlehem, Pennsylvania, Lehigh University, SC MS 0431 GU 15E",manuscript containing Binding fragment with a decorated initial,Q87167,https://catalog.digital-scriptorium.org/entity/Q33,,,,,,,Script: Gothic,Q397,Binding fragment with a decorated initial,Binding fragment|Decorated initial,https://catalog.digital-scriptorium.org/entity/Q10843|https://catalog.digital-scriptorium.org/entity/Q19949,,,Q622137,DS30442,SC MS 0431 GU 15E,SC MS 0431 GU 15E,https://preserve.lehigh.edu/node/450658/book-manifest,https://catalog.digital-scriptorium.org/entity/Q114599,https://search.digital-scriptorium.org/catalog/DS30442,https://preserve.lehigh.edu/digital-special-collections/medieval-manuscripts/medieval-leaves-fragments-donated-georgetown-53,https://catalog.digital-scriptorium.org/entity/Q114598
"Bethlehem, Pennsylvania, Lehigh University, SC MS 0431 GU 15F",manuscript containing Clipping of a decorated initial,Q87167,https://catalog.digital-scriptorium.org/entity/Q33,,,,,,,,Q397,Clipping of a decorated initial,Decorated initial,https://catalog.digital-scriptorium.org/entity/Q19949,,,Q622137,DS30443,SC MS 0431 GU 15F,SC MS 0431 GU 15F,https://preserve.lehigh.edu/node/450661/book-manifest,https://catalog.digital-scriptorium.org/entity/Q114602,https://search.digital-scriptorium.org/catalog/DS30443,https://preserve.lehigh.edu/digital-special-collections/medieval-manuscripts/medieval-leaves-fragments-donated-georgetown-54,https://catalog.digital-scriptorium.org/entity/Q114601
"Bethlehem, Pennsylvania, Lehigh University, SC MS 0431 GU 15G",manuscript containing Binding fragment with an initial,Q87167,https://catalog.digital-scriptorium.org/entity/Q33,,,,,,,Script: Gothic,Q397,Binding fragment with an initial,Binding fragment|Decorated initial,https://catalog.digital-scriptorium.org/entity/Q10843|https://catalog.digital-scriptorium.org/entity/Q19949,,,Q622137,DS30444,SC MS 0431 GU 15G,SC MS 0431 GU 15G,https://preserve.lehigh.edu/node/450663/book-manifest,https://catalog.digital-scriptorium.org/entity/Q114605,https://search.digital-scriptorium.org/catalog/DS30444,https://preserve.lehigh.edu/digital-special-collections/medieval-manuscripts/medieval-leaves-fragments-donated-georgetown-55,https://catalog.digital-scriptorium.org/entity/Q114604
"Bethlehem, Pennsylvania, Lehigh University, SC MS 0431 GU 16A",manuscript containing Binding fragment from Psalm 118,Q87167,https://catalog.digital-scriptorium.org/entity/Q33,https://catalog.digital-scriptorium.org/entity/Q98,1500,1599,,,,Script: Gothic,Q397,Binding fragment from Psalm 118,Psalms|Binding fragment,https://catalog.digital-scriptorium.org/entity/Q5972|https://catalog.digital-scriptorium.org/entity/Q10843,,,Q622137,DS30445,SC MS 0431 GU 16A,SC MS 0431 GU 16A,https://preserve.lehigh.edu/node/450666/book-manifest,https://catalog.digital-scriptorium.org/entity/Q114608,https://search.digital-scriptorium.org/catalog/DS30445,https://preserve.lehigh.edu/digital-special-collections/medieval-manuscripts/medieval-leaves-fragments-donated-georgetown-56,https://catalog.digital-scriptorium.org/entity/Q114607
"Bethlehem, Pennsylvania, Lehigh University, SC MS 0431 GU 16B",manuscript containing Binding fragment in to columns,Q87167,https://catalog.digital-scriptorium.org/entity/Q33,https://catalog.digital-scriptorium.org/entity/Q97,1400,1499,,,,Script: Humanist or semi-humanistic script,Q397,Binding fragment in to columns,Binding fragment,https://catalog.digital-scriptorium.org/entity/Q10843,,,Q622137,DS30446,SC MS 0431 GU 16B,SC MS 0431 GU 16B,https://preserve.lehigh.edu/node/450669/book-manifest,https://catalog.digital-scriptorium.org/entity/Q114611,https://search.digital-scriptorium.org/catalog/DS30446,https://preserve.lehigh.edu/digital-special-collections/medieval-manuscripts/medieval-leaves-fragments-donated-georgetown-57,https://catalog.digital-scriptorium.org/entity/Q114610
"Bethlehem, Pennsylvania, Lehigh University, SC MS 0431 GU 19",manuscript containing Binding fragment from the Lives of the Saints,Q87167,https://catalog.digital-scriptorium.org/entity/Q33,https://catalog.digital-scriptorium.org/entity/Q95,1200,1299,https://catalog.digital-scriptorium.org/entity/Q129,,,,Q397,Binding fragment from the Lives of the Saints,Lives of the Saints|Binding fragment,https://catalog.digital-scriptorium.org/entity/Q1483|https://catalog.digital-scriptorium.org/entity/Q10843,,,Q622137,DS30447,SC MS 0431 GU 19,SC MS 0431 GU 19,https://preserve.lehigh.edu/node/450672/book-manifest,https://catalog.digital-scriptorium.org/entity/Q114614,https://search.digital-scriptorium.org/catalog/DS30447,https://preserve.lehigh.edu/digital-special-collections/medieval-manuscripts/medieval-leaves-fragments-donated-georgetown-58,https://catalog.digital-scriptorium.org/entity/Q114613
"Bethlehem, Pennsylvania, Lehigh University, SC MS 0431 GU 20",manuscript containing Binding fragument from the Homilies on the Gospels of St. Gregory,Q87167,https://catalog.digital-scriptorium.org/entity/Q33,https://catalog.digital-scriptorium.org/entity/Q95,1200,1250,https://catalog.digital-scriptorium.org/entity/Q131|https://catalog.digital-scriptorium.org/entity/Q3082,,,Script: Carolingian,Q397,Binding fragument from the Homilies on the Gospels of St. Gregory,Homilies|Binding fragment,https://catalog.digital-scriptorium.org/entity/Q1246|https://catalog.digital-scriptorium.org/entity/Q10843,,,Q622137,DS30448,SC MS 0431 GU 20,SC MS 0431 GU 20,https://preserve.lehigh.edu/node/450677/book-manifest,https://catalog.digital-scriptorium.org/entity/Q114617,https://search.digital-scriptorium.org/catalog/DS30448,https://preserve.lehigh.edu/digital-special-collections/medieval-manuscripts/medieval-leaves-fragments-donated-georgetown-59,https://catalog.digital-scriptorium.org/entity/Q114616
"Bethlehem, Pennsylvania, Lehigh University, SC MS 0431 GU 21",manuscript containing Binding fragment fromthe Decretals of Pope Gregory IX,Q87167,https://catalog.digital-scriptorium.org/entity/Q33,https://catalog.digital-scriptorium.org/entity/Q95,1250,1299,https://catalog.digital-scriptorium.org/entity/Q131,,,Script: Gothic,Q397,Binding fragment fromthe Decretals of Pope Gregory IX,Decretals of Gregory IX|Binding fragment,https://catalog.digital-scriptorium.org/entity/Q2831|https://catalog.digital-scriptorium.org/entity/Q10843,,,Q622137,DS30449,SC MS 0431 GU 21,SC MS 0431 GU 21,https://preserve.lehigh.edu/node/450680/book-manifest,https://catalog.digital-scriptorium.org/entity/Q114620,https://search.digital-scriptorium.org/catalog/DS30449,https://preserve.lehigh.edu/digital-special-collections/medieval-manuscripts/medieval-leaves-fragments-donated-georgetown-60,https://catalog.digital-scriptorium.org/entity/Q114619
"Bethlehem, Pennsylvania, Lehigh University, SC MS 0431 GU 24",manuscript containing Seven binding fragments,Q87167,https://catalog.digital-scriptorium.org/entity/Q33,,,,,,,Script: Gothic,Q397,Seven binding fragments,Binding fragment,https://catalog.digital-scriptorium.org/entity/Q10843,,,Q622137,DS30450,SC MS 0431 GU 24,SC MS 0431 GU 24,https://preserve.lehigh.edu/node/450683/book-manifest,https://catalog.digital-scriptorium.org/entity/Q114623,https://search.digital-scriptorium.org/catalog/DS30450,https://preserve.lehigh.edu/digital-special-collections/medieval-manuscripts/medieval-leaves-fragments-donated-georgetown/seven,https://catalog.digital-scriptorium.org/entity/Q114622
"Bethlehem, Pennsylvania, Lehigh University, SC MS 0431 GU 25",manuscript containing Binding fragment,Q87167,https://catalog.digital-scriptorium.org/entity/Q33,https://catalog.digital-scriptorium.org/entity/Q96,1300,1399,https://catalog.digital-scriptorium.org/entity/Q131,,,Script: Gothic,Q397,Binding fragment,Binding fragment,https://catalog.digital-scriptorium.org/entity/Q10843,,,Q622137,DS30451,SC MS 0431 GU 25,SC MS 0431 GU 25,https://preserve.lehigh.edu/node/450700/book-manifest,https://catalog.digital-scriptorium.org/entity/Q114626,https://search.digital-scriptorium.org/catalog/DS30451,https://preserve.lehigh.edu/digital-special-collections/medieval-manuscripts/medieval-leaves-fragments-donated-georgetown-61,https://catalog.digital-scriptorium.org/entity/Q114625
"Bethlehem, Pennsylvania, Lehigh University, SC MS 0431 GU 27",manuscript containing Binding fragment with two initials,Q87167,https://catalog.digital-scriptorium.org/entity/Q33,,,,,,,Script: Gothic,Q397,Binding fragment with two initials,Binding fragment|Decorated initial,https://catalog.digital-scriptorium.org/entity/Q10843|https://catalog.digital-scriptorium.org/entity/Q19949,,,Q622137,DS30452,SC MS 0431 GU 27,SC MS 0431 GU 27,https://preserve.lehigh.edu/node/450708/book-manifest,https://catalog.digital-scriptorium.org/entity/Q114629,https://search.digital-scriptorium.org/catalog/DS30452,https://preserve.lehigh.edu/digital-special-collections/medieval-manuscripts/medieval-leaves-fragments-donated-georgetown-64,https://catalog.digital-scriptorium.org/entity/Q114628
"Bethlehem, Pennsylvania, Lehigh University, SC MS 0431 GU 30 Oversize",manuscript containing Folio from Gregory the Great on the book of the Prophet Ezekiel (?),Q87167,https://catalog.digital-scriptorium.org/entity/Q33,https://catalog.digital-scriptorium.org/entity/Q94,1100,1199,https://catalog.digital-scriptorium.org/entity/Q134,,,Script: Carolingian,Q397,Folio from Gregory the Great on the book of the Prophet Ezekiel (?),Homilies on Ezekiel,https://catalog.digital-scriptorium.org/entity/Q1351,,,Q622137,DS30453,SC MS 0431 GU 30 Oversize,SC MS 0431 GU 30 Oversize,https://preserve.lehigh.edu/node/450711/book-manifest,https://catalog.digital-scriptorium.org/entity/Q114632,https://search.digital-scriptorium.org/catalog/DS30453,https://preserve.lehigh.edu/digital-special-collections/medieval-manuscripts/medieval-leaves-fragments-donated-georgetown/folio,https://catalog.digital-scriptorium.org/entity/Q114631
"Bethlehem, Pennsylvania, Lehigh University, SC MS 0431 GU 35A Oversize",manuscript containing Folio from a Gradual,Q87167,https://catalog.digital-scriptorium.org/entity/Q33,https://catalog.digital-scriptorium.org/entity/Q96,1325,1375,https://catalog.digital-scriptorium.org/entity/Q134,,,Script: Gothic,Q397,Folio from a Gradual,Gradual,https://catalog.digital-scriptorium.org/entity/Q1121,,,Q622137,DS30454,SC MS 0431 GU 35A Oversize,SC MS 0431 GU 35A Oversize,https://preserve.lehigh.edu/node/450714/book-manifest,https://catalog.digital-scriptorium.org/entity/Q114635,https://search.digital-scriptorium.org/catalog/DS30454,https://preserve.lehigh.edu/digital-special-collections/medieval-manuscripts/medieval-leaves-fragments-donated-georgetown-65,https://catalog.digital-scriptorium.org/entity/Q114634
"Bethlehem, Pennsylvania, Lehigh University, SC MS 0431 GU 35B Oversize",manuscript containing Folio from a Bible (Joshua),Q87167,https://catalog.digital-scriptorium.org/entity/Q33,,,,,,,Script: Gothic,Q397,Folio from a Bible (Joshua),Bible|Book of Joshua,https://catalog.digital-scriptorium.org/entity/Q661|https://catalog.digital-scriptorium.org/entity/Q76627,,,Q622137,DS30455,SC MS 0431 GU 35B Oversize,SC MS 0431 GU 35B Oversize,https://preserve.lehigh.edu/node/450717/book-manifest,https://catalog.digital-scriptorium.org/entity/Q114638,https://search.digital-scriptorium.org/catalog/DS30455,https://preserve.lehigh.edu/digital-special-collections/medieval-manuscripts/medieval-leaves-fragments-donated-georgetown-66,https://catalog.digital-scriptorium.org/entity/Q114637
"Bethlehem, Pennsylvania, Lehigh University, SC MS 0431 GU 1",manuscript containing Binding fragment from a sacramentary,Q87167,https://catalog.digital-scriptorium.org/entity/Q33,https://catalog.digital-scriptorium.org/entity/Q93,1000,1025,https://catalog.digital-scriptorium.org/entity/Q131|https://catalog.digital-scriptorium.org/entity/Q38264,,,Script: Carolingian,Q397,Binding fragment from a sacramentary,Binding fragment|Sacramental text,https://catalog.digital-scriptorium.org/entity/Q10843|https://catalog.digital-scriptorium.org/entity/Q39291,,,Q622137,DS30390,SC MS 0431 GU 1,SC MS 0431 GU 1,https://preserve.lehigh.edu/node/450494/book-manifest,https://catalog.digital-scriptorium.org/entity/Q114443,https://search.digital-scriptorium.org/catalog/DS30390,https://preserve.lehigh.edu/digital-special-collections/medieval-manuscripts/medieval-leaves-fragments-donated-georgetown-0,https://catalog.digital-scriptorium.org/entity/Q114442
"Bethlehem, Pennsylvania, Lehigh University, SC MS 0431 GU 4A",manuscript containing Binding fragments from St. Jerome's Commentary on Ezekiel,Q87167,https://catalog.digital-scriptorium.org/entity/Q33,https://catalog.digital-scriptorium.org/entity/Q93,1060,1100,,,,Script: Carolingian with Display script in red Rustic Capitals.,Q397,Binding fragments from St. Jerome's Commentary on Ezekiel,Binding fragment|Commentary on Ezekiel,https://catalog.digital-scriptorium.org/entity/Q10843|https://catalog.digital-scriptorium.org/entity/Q39135,,,Q622137,DS30391,SC MS 0431 GU 4A,SC MS 0431 GU 4A,https://preserve.lehigh.edu/node/450497/book-manifest,https://catalog.digital-scriptorium.org/entity/Q114446,https://search.digital-scriptorium.org/catalog/DS30391,https://preserve.lehigh.edu/digital-special-collections/medieval-manuscripts/medieval-leaves-fragments-donated-georgetown-1,https://catalog.digital-scriptorium.org/entity/Q114445
"Bethlehem, Pennsylvania, Lehigh University, SC MS 0431 GU 4B",manuscript containing Binding fragments from St. Jerome's Commentary on Ezekiel,Q87167,https://catalog.digital-scriptorium.org/entity/Q33,https://catalog.digital-scriptorium.org/entity/Q93,1060,1100,,,,Script: Carolingian,Q397,Binding fragments from St. Jerome's Commentary on Ezekiel,Binding fragment|Commentary on Ezekiel,https://catalog.digital-scriptorium.org/entity/Q10843|https://catalog.digital-scriptorium.org/entity/Q39135,,,Q622137,DS30392,SC MS 0431 GU 4B,SC MS 0431 GU 4B,https://preserve.lehigh.edu/node/450500/book-manifest,https://catalog.digital-scriptorium.org/entity/Q114449,https://search.digital-scriptorium.org/catalog/DS30392,https://preserve.lehigh.edu/digital-special-collections/medieval-manuscripts/medieval-leaves-fragments-donated-georgetown-2,https://catalog.digital-scriptorium.org/entity/Q114448
"Bethlehem, Pennsylvania, Lehigh University, SC MS 0431 GU 4C","manuscript containing Binding fragment from Peter Lombard, Sentences",Q87167,https://catalog.digital-scriptorium.org/entity/Q33,https://catalog.digital-scriptorium.org/entity/Q95,1260,1300,https://catalog.digital-scriptorium.org/entity/Q133,,,Script: Gothic,Q397,"Binding fragment from Peter Lombard, Sentences",Sentences|Binding fragment,https://catalog.digital-scriptorium.org/entity/Q1119|https://catalog.digital-scriptorium.org/entity/Q10843,Q7175510,,Q622137,DS30393,SC MS 0431 GU 4C,SC MS 0431 GU 4C,https://preserve.lehigh.edu/node/450503/book-manifest,https://catalog.digital-scriptorium.org/entity/Q114452,https://search.digital-scriptorium.org/catalog/DS30393,https://preserve.lehigh.edu/digital-special-collections/medieval-manuscripts/medieval-leaves-fragments-donated-georgetown-3,https://catalog.digital-scriptorium.org/entity/Q114451
"Bethlehem, Pennsylvania, Lehigh University, SC MS 0431 GU 4D",manuscript containing Binding fragment from a Missal,Q87167,https://catalog.digital-scriptorium.org/entity/Q33,https://catalog.digital-scriptorium.org/entity/Q94,1160,1200,,,,Script: Gothic,Q397,Binding fragment from a Missal,Missal|Binding fragment,https://catalog.digital-scriptorium.org/entity/Q662|https://catalog.digital-scriptorium.org/entity/Q10843,,,Q622137,DS30394,SC MS 0431 GU 4D,SC MS 0431 GU 4D,https://preserve.lehigh.edu/node/450506/book-manifest,https://catalog.digital-scriptorium.org/entity/Q114455,https://search.digital-scriptorium.org/catalog/DS30394,https://preserve.lehigh.edu/digital-special-collections/medieval-manuscripts/medieval-leaves-fragments-donated-georgetown-4,https://catalog.digital-scriptorium.org/entity/Q114454
"Bethlehem, Pennsylvania, Lehigh University, SC MS 0431 GU 4E",manuscript containing Binding fragment from a Missal,Q87167,https://catalog.digital-scriptorium.org/entity/Q33,https://catalog.digital-scriptorium.org/entity/Q94,1160,1200,,,,Script: Gothic,Q397,Binding fragment from a Missal,Missal|Binding fragment,https://catalog.digital-scriptorium.org/entity/Q662|https://catalog.digital-scriptorium.org/entity/Q10843,,,Q622137,DS30395,SC MS 0431 GU 4E,SC MS 0431 GU 4E,https://preserve.lehigh.edu/node/450509/book-manifest,https://catalog.digital-scriptorium.org/entity/Q114458,https://search.digital-scriptorium.org/catalog/DS30395,https://preserve.lehigh.edu/digital-special-collections/medieval-manuscripts/medieval-leaves-fragments-donated-georgetown-5,https://catalog.digital-scriptorium.org/entity/Q114457
"Bethlehem, Pennsylvania, Lehigh University, SC MS 0431 GU 4F",manuscript containing Binding fragment with neumes,Q87167,https://catalog.digital-scriptorium.org/entity/Q33,,,,,,,Script: Gothic,Q397,Binding fragment with neumes,Binding fragment|Music,https://catalog.digital-scriptorium.org/entity/Q10843|https://catalog.digital-scriptorium.org/entity/Q20017,,,Q622137,DS30396,SC MS 0431 GU 4F,SC MS 0431 GU 4F,https://preserve.lehigh.edu/node/450512/book-manifest,https://catalog.digital-scriptorium.org/entity/Q114461,https://search.digital-scriptorium.org/catalog/DS30396,https://preserve.lehigh.edu/digital-special-collections/medieval-manuscripts/medieval-leaves-fragments-donated-georgetown-6,https://catalog.digital-scriptorium.org/entity/Q114460
"Bethlehem, Pennsylvania, Lehigh University, SC MS 0431 GU 4G",manuscript containing Binding fragment on paper,Q87167,https://catalog.digital-scriptorium.org/entity/Q31,,,,,,,Script: Gothic,Q397,Binding fragment on paper,Binding fragment,https://catalog.digital-scriptorium.org/entity/Q10843,,,Q622137,DS30397,SC MS 0431 GU 4G,SC MS 0431 GU 4G,https://preserve.lehigh.edu/node/450515/book-manifest,https://catalog.digital-scriptorium.org/entity/Q114464,https://search.digital-scriptorium.org/catalog/DS30397,https://preserve.lehigh.edu/digital-special-collections/medieval-manuscripts/medieval-leaves-fragments-donated-georgetown-7,https://catalog.digital-scriptorium.org/entity/Q114463
"Bethlehem, Pennsylvania, Lehigh University, SC MS 0431 GU 4H",manuscript containing Binding fragment with neumes,Q87167,https://catalog.digital-scriptorium.org/entity/Q33,,,,,,,Script: Gothic,Q397,Binding fragment with neumes,Binding fragment|Music,https://catalog.digital-scriptorium.org/entity/Q10843|https://catalog.digital-scriptorium.org/entity/Q20017,,,Q622137,DS30398,SC MS 0431 GU 4H,SC MS 0431 GU 4H,https://preserve.lehigh.edu/node/450518/book-manifest,https://catalog.digital-scriptorium.org/entity/Q114467,https://search.digital-scriptorium.org/catalog/DS30398,https://preserve.lehigh.edu/digital-special-collections/medieval-manuscripts/medieval-leaves-fragments-donated-georgetown-8,https://catalog.digital-scriptorium.org/entity/Q114466
"Bethlehem, Pennsylvania, Lehigh University, SC MS 0431 GU 7A",manuscript containing Binding fragment from a glossed gospel,Q87167,https://catalog.digital-scriptorium.org/entity/Q33,https://catalog.digital-scriptorium.org/entity/Q96,1300,1399,https://catalog.digital-scriptorium.org/entity/Q122,,,Script: Gothic,Q397,Binding fragment from a glossed gospel,Gospels|Binding fragment,https://catalog.digital-scriptorium.org/entity/Q6034|https://catalog.digital-scriptorium.org/entity/Q10843,,,Q622137,DS30399,SC MS 0431 GU 7A,SC MS 0431 GU 7A,https://preserve.lehigh.edu/node/450521/book-manifest,https://catalog.digital-scriptorium.org/entity/Q114470,https://search.digital-scriptorium.org/catalog/DS30399,https://preserve.lehigh.edu/digital-special-collections/medieval-manuscripts/medieval-leaves-fragments-donated-georgetown-9,https://catalog.digital-scriptorium.org/entity/Q114469
"Bethlehem, Pennsylvania, Lehigh University, SC MS 0431 GU 7B",manuscript containing Binding fragment from a glossed gospel,Q87167,https://catalog.digital-scriptorium.org/entity/Q33,https://catalog.digital-scriptorium.org/entity/Q96,1300,1399,,,,Script: Gothic,Q397,Binding fragment from a glossed gospel,Gospels|Binding fragment,https://catalog.digital-scriptorium.org/entity/Q6034|https://catalog.digital-scriptorium.org/entity/Q10843,,,Q622137,DS30400,SC MS 0431 GU 7B,SC MS 0431 GU 7B,https://preserve.lehigh.edu/node/450524/book-manifest,https://catalog.digital-scriptorium.org/entity/Q114473,https://search.digital-scriptorium.org/catalog/DS30400,https://preserve.lehigh.edu/digital-special-collections/medieval-manuscripts/medieval-leaves-fragments-donated-georgetown-10,https://catalog.digital-scriptorium.org/entity/Q114472
"Bethlehem, Pennsylvania, Lehigh University, SC MS 0431 GU 10A",manuscript containing Clipping of a decorated initial,Q87167,https://catalog.digital-scriptorium.org/entity/Q33,https://catalog.digital-scriptorium.org/entity/Q97,1420,1460,,,,Script: Gothic,Q397,Clipping of a decorated initial,Decorated initial,https://catalog.digital-scriptorium.org/entity/Q19949,,,Q622137,DS30401,SC MS 0431 GU 10A,SC MS 0431 GU 10A,https://preserve.lehigh.edu/node/450527/book-manifest,https://catalog.digital-scriptorium.org/entity/Q114476,https://search.digital-scriptorium.org/catalog/DS30401,https://preserve.lehigh.edu/digital-special-collections/medieval-manuscripts/medieval-leaves-fragments-donated-georgetown-11,https://catalog.digital-scriptorium.org/entity/Q114475
"Bethlehem, Pennsylvania, Lehigh University, SC MS 0431 GU 10B",manuscript containing Binding fragment from a breviary,Q87167,https://catalog.digital-scriptorium.org/entity/Q33,https://catalog.digital-scriptorium.org/entity/Q97,1430,1470,,,,Script: Gothic,Q397,Binding fragment from a breviary,Breviary|Binding fragment,https://catalog.digital-scriptorium.org/entity/Q657|https://catalog.digital-scriptorium.org/entity/Q10843,,,Q622137,DS30402,SC MS 0431 GU 10B,SC MS 0431 GU 10B,https://preserve.lehigh.edu/node/450530/book-manifest,https://catalog.digital-scriptorium.org/entity/Q114479,https://search.digital-scriptorium.org/catalog/DS30402,https://preserve.lehigh.edu/digital-special-collections/medieval-manuscripts/medieval-leaves-fragments-donated-georgetown-12,https://catalog.digital-scriptorium.org/entity/Q114478
"Bethlehem, Pennsylvania, Lehigh University, SC MS 0431 GU 10C",manuscript containing Binding fragment from a breviary,Q87167,https://catalog.digital-scriptorium.org/entity/Q33,https://catalog.digital-scriptorium.org/entity/Q97,1430,1470,,,,Script: Gothic,Q397,Binding fragment from a breviary,Breviary|Binding fragment,https://catalog.digital-scriptorium.org/entity/Q657|https://catalog.digital-scriptorium.org/entity/Q10843,,,Q622137,DS30403,SC MS 0431 GU 10C,SC MS 0431 GU 10C,https://preserve.lehigh.edu/node/450533/book-manifest,https://catalog.digital-scriptorium.org/entity/Q114482,https://search.digital-scriptorium.org/catalog/DS30403,https://preserve.lehigh.edu/digital-special-collections/medieval-manuscripts/medieval-leaves-fragments-donated-georgetown-13,https://catalog.digital-scriptorium.org/entity/Q114481
"Bethlehem, Pennsylvania, Lehigh University, SC MS 0431 GU 10D",manuscript containing Binidng fragment from a breviary,Q87167,https://catalog.digital-scriptorium.org/entity/Q33,https://catalog.digital-scriptorium.org/entity/Q97,1430,1470,,,,Script: Gothic,Q397,Binidng fragment from a breviary,Breviary|Binding fragment,https://catalog.digital-scriptorium.org/entity/Q657|https://catalog.digital-scriptorium.org/entity/Q10843,,,Q622137,DS30404,SC MS 0431 GU 10D,SC MS 0431 GU 10D,https://preserve.lehigh.edu/node/450536/book-manifest,https://catalog.digital-scriptorium.org/entity/Q114485,https://search.digital-scriptorium.org/catalog/DS30404,https://preserve.lehigh.edu/digital-special-collections/medieval-manuscripts/medieval-leaves-fragments-donated-georgetown-14,https://catalog.digital-scriptorium.org/entity/Q114484
"Bethlehem, Pennsylvania, Lehigh University, SC MS 0431 GU 11A",manuscript containing Binding fragment from a breviary,Q87167,https://catalog.digital-scriptorium.org/entity/Q33,,,,,,,Script: Gothic,Q397,Binding fragment from a breviary,Breviary|Binding fragment,https://catalog.digital-scriptorium.org/entity/Q657|https://catalog.digital-scriptorium.org/entity/Q10843,,,Q622137,DS30405,SC MS 0431 GU 11A,SC MS 0431 GU 11A,https://preserve.lehigh.edu/node/450539/book-manifest,https://catalog.digital-scriptorium.org/entity/Q114488,https://search.digital-scriptorium.org/catalog/DS30405,https://preserve.lehigh.edu/digital-special-collections/medieval-manuscripts/medieval-leaves-fragments-donated-georgetown-15,https://catalog.digital-scriptorium.org/entity/Q114487
"Bethlehem, Pennsylvania, Lehigh University, SC MS 0431 GU 11B",manuscript containing Binding fragment with extensive annotations,Q87167,https://catalog.digital-scriptorium.org/entity/Q33,,,,,,,,Q397,Binding fragment with extensive annotations,Binding fragment|Annotations,https://catalog.digital-scriptorium.org/entity/Q10843|https://catalog.digital-scriptorium.org/entity/Q39197,,,Q622137,DS30406,SC MS 0431 GU 11B,SC MS 0431 GU 11B,https://preserve.lehigh.edu/node/450542/book-manifest,https://catalog.digital-scriptorium.org/entity/Q114491,https://search.digital-scriptorium.org/catalog/DS30406,https://preserve.lehigh.edu/digital-special-collections/medieval-manuscripts/medieval-leaves-fragments-donated-georgetown-16,https://catalog.digital-scriptorium.org/entity/Q114490
"Bethlehem, Pennsylvania, Lehigh University, SC MS 0431 GU 13B-E",manuscript containing Four fragments attached to each other,Q87167,https://catalog.digital-scriptorium.org/entity/Q31,,,,,,,Script: Gothic Cursive|Script: Gothic,Q150|Q397,Four fragments attached to each other,,,,,Q622137,DS30407,SC MS 0431 GU 13B-E,SC MS 0431 GU 13B-E,https://preserve.lehigh.edu/node/450548/book-manifest,https://catalog.digital-scriptorium.org/entity/Q114494,https://search.digital-scriptorium.org/catalog/DS30407,https://preserve.lehigh.edu/digital-special-collections/medieval-manuscripts/medieval-leaves-fragments-donated-georgetown/four,https://catalog.digital-scriptorium.org/entity/Q114493
"Bethlehem, Pennsylvania, Lehigh University, SC MS 0431 GU 13F",manuscript containing Binding fragment with neumes,Q87167,https://catalog.digital-scriptorium.org/entity/Q33,,,,,,,Script: Gothic,Q397,Binding fragment with neumes,Binding fragment|Music,https://catalog.digital-scriptorium.org/entity/Q10843|https://catalog.digital-scriptorium.org/entity/Q20017,,,Q622137,DS30408,SC MS 0431 GU 13F,SC MS 0431 GU 13F,https://preserve.lehigh.edu/node/450551/book-manifest,https://catalog.digital-scriptorium.org/entity/Q114497,https://search.digital-scriptorium.org/catalog/DS30408,https://preserve.lehigh.edu/digital-special-collections/medieval-manuscripts/medieval-leaves-fragments-donated-georgetown-18,https://catalog.digital-scriptorium.org/entity/Q114496
"Bethlehem, Pennsylvania, Lehigh University, SC MS 0431 GU 13G",manuscript containing Binding fragment from an unidentified text,Q87167,https://catalog.digital-scriptorium.org/entity/Q31,,,,,,,Script: Cursive,,Binding fragment from an unidentified text,Binding fragment,https://catalog.digital-scriptorium.org/entity/Q10843,,,Q622137,DS30409,SC MS 0431 GU 13G,SC MS 0431 GU 13G,https://preserve.lehigh.edu/node/450554/book-manifest,https://catalog.digital-scriptorium.org/entity/Q114500,https://search.digital-scriptorium.org/catalog/DS30409,https://preserve.lehigh.edu/digital-special-collections/medieval-manuscripts/medieval-leaves-fragments-donated-georgetown-19,https://catalog.digital-scriptorium.org/entity/Q114499
"Bethlehem, Pennsylvania, Lehigh University, SC MS 0431 GU 13H",manuscript containing,Q87167,https://catalog.digital-scriptorium.org/entity/Q31,,,,,,,,Q13955,,,,,,Q622137,DS30410,SC MS 0431 GU 13H,SC MS 0431 GU 13H,https://preserve.lehigh.edu/node/450557/book-manifest,https://catalog.digital-scriptorium.org/entity/Q114503,https://search.digital-scriptorium.org/catalog/DS30410,https://preserve.lehigh.edu/digital-special-collections/medieval-manuscripts/medieval-leaves-fragments-donated-georgetown-20,https://catalog.digital-scriptorium.org/entity/Q114502
"Bethlehem, Pennsylvania, Lehigh University, SC MS 0431 GU 13I",manuscript containing,Q87167,https://catalog.digital-scriptorium.org/entity/Q33,,,,,,,Script: Gothic,Q397|Q13955,,,,,,Q622137,DS30411,SC MS 0431 GU 13I,SC MS 0431 GU 13I,https://preserve.lehigh.edu/node/450560/book-manifest,https://catalog.digital-scriptorium.org/entity/Q114506,https://search.digital-scriptorium.org/catalog/DS30411,https://preserve.lehigh.edu/digital-special-collections/medieval-manuscripts/medieval-leaves-fragments-donated-georgetown-21,https://catalog.digital-scriptorium.org/entity/Q114505
"Bethlehem, Pennsylvania, Lehigh University, SC MS 0431 GU 13J",manuscript containing Binding fragment from Honorius of Autun,Q87167,https://catalog.digital-scriptorium.org/entity/Q33,,,,,,,Script: Gothic,Q397,Binding fragment from Honorius of Autun,Binding fragment,https://catalog.digital-scriptorium.org/entity/Q10843,,,Q622137,DS30412,SC MS 0431 GU 13J,SC MS 0431 GU 13J,https://preserve.lehigh.edu/node/450563/book-manifest,https://catalog.digital-scriptorium.org/entity/Q114509,https://search.digital-scriptorium.org/catalog/DS30412,https://preserve.lehigh.edu/digital-special-collections/medieval-manuscripts/medieval-leaves-fragments-donated-georgetown-22,https://catalog.digital-scriptorium.org/entity/Q114508
