ds_id,date_added,date_last_updated,source_type,cataloging_convention,holding_institution_ds_qid,holding_institution_as_recorded,holding_institution_id_number,holding_institution_shelfmark,link_to_holding_institution_record,iiif_manifest,production_place_as_recorded,production_place_ds_qid,production_date_as_recorded,production_date,century,century_aat,dated,title_as_recorded,title_as_recorded_agr,uniform_title_as_recorded,uniform_title_agr,standard_title_ds_qid,genre_as_recorded,genre_ds_qid,subject_as_recorded,subject_ds_qid,author_as_recorded,author_as_recorded_agr,author_ds_qid,artist_as_recorded,artist_as_recorded_agr,artist_ds_qid,scribe_as_recorded,scribe_as_recorded_agr,scribe_ds_qid,associated_agent_as_recorded,associated_agent_as_recorded_agr,associated_agent_ds_qid,former_owner_as_recorded,former_owner_as_recorded_agr,former_owner_ds_qid,language_as_recorded,language_ds_qid,material_as_recorded,material_ds_qid,physical_description,note,acknowledgments,data_processed_at,data_source_modified,source_file
,"","",marc-xml,rdadcrmm,Q63948,Oberlin College,on1610468338,IMC0001,https://cdm15963.contentdm.oclc.org/digital/collection/islamic/id/969/rec/1,"",$c 13th-14th century?,"",1200-1399,1200^1399,13;14,http://vocab.getty.edu/aat/300404505;http://vocab.getty.edu/aat/300404506,false,Qur'an,"","","",Q3697,Manuscripts|Illuminated manuscripts,Q331|Q4268,"Qurʼan--Manuscripts|Manuscripts, Arabic",Q11441;Q38609|Q256,"","","","","","","","","","","","","","","",Arabic,Q118,illuminated,"",Extent: 1 volume ; illuminated 350 x 500 mm ; bound to 385 x 270 mm,"13 long lines.|Dated late 13th to 14th century.|Donated by William Eleazer Barton (note on front pastedown).|Leaf for al-Fatihah (f. 1, with chapter on f. 1b), is a much later replacement; many leaves remargined; leaves trimmed during rebinding; numerous small repairs and overlays for recopying missing or damaged text.|Naskh with headings in Thuluth.|Note on front pastedown: ""This exquisite old M. Koran is from the Mosque of Omar procured with great difficulty from a high Sheikh for the reproduction of that building at the World's Fair, St. Louis 1904. Such a Koran, no individual, even a Muhammadan might own in Turkey and no Christian could lawfully procure it. W.E. Barton"". The mosque he refers to appears to be the Nuruosmaniye Mosque, which was the one reproduced during the World's Fair in 1904.","",2026-10-09 10:11:26 -0400,20260807,20260819-oberlin-marcxml-arabic.xml
,"","",marc-xml,rdadcrmr,Q63948,Oberlin College,on1610468339,IMF0002,https://cdm15963.contentdm.oclc.org/digital/collection/islamic/id/5020/rec/9,"","","",1800-1899?,1800^1899,19,http://vocab.getty.edu/aat/300404513,false,Fragments from Dala'il al-Khayrat|Dalāʼil al-khayrāt.,|,|,|,Q18568|Q18568,Manuscripts|Illuminated manuscripts,Q331|Q4268,"Manuscripts, Persian|Manuscripts, Arabic",Q255|Q256,"Jazūlī, Muḥammad ibn Sulaymān, 1404-1465","",Q18651,"","","","","","","","","","","","","Arabic, Persian",Q118;Q120,illuminated,"",Extent: 3 leaves from 2 bifolia : illuminated ; 23 x 15 cm,"19th century.|7 long lines or 4 long lines with headpiece; 39 angled, marginal lines.|Contains illustration of the Prophet's mosque at Medina and some of the litany for Wednesday (Tuesday in other copies).|Library foliation in pencil (5, 10-11).|Paper.|Thuluth in red and black with marginal lines in Indian Nastaliq.","",2026-10-09 10:11:26 -0400,20260807,20260819-oberlin-marcxml-arabic.xml
,"","",marc-xml,rdadcrmr,Q63948,Oberlin College,on1610468053,IMF0005,https://cdm15963.contentdm.oclc.org/digital/collection/islamic/id/982/rec/8,"","","",1700-1899?,1700^1899,18;19,http://vocab.getty.edu/aat/300404512;http://vocab.getty.edu/aat/300404513,false,Fragments from 1st and 2nd suras of the Qur'an|Qurʼan.,|,|,|,Q3697|Q3697,Manuscripts|Illuminated manuscripts,Q331|Q4268,"Qurʼan--Manuscripts|Manuscripts, Arabic",Q11441;Q38609|Q256,"","","","","","","","","","","","","","","",Arabic,Q118,"","",Extent: 1 bifolium ; 15 x 8 cm,"18th or 19th century|7 long lines (ff. 1b-2a); 15 long lines (f. 2b).|Contains al-Fātiḥah and al-Baqarah up through verse 16.|Dual page illuminated opening in three registers: upper and lower rectangles of dull gold lined in blue; textblock border-ruled in dull gold; dull gold, yellow and red floral marginal fill; f. 2b textblock border-ruled in gold; readings in red.|Naskh in black ink, pointed and vocalized.|Paper.","",2026-10-09 10:11:26 -0400,20260807,20260819-oberlin-marcxml-arabic.xml
,"","",marc-xml,rdadcrmr,Q63948,Oberlin College,on1610468054,IMF0004,https://cdm15963.contentdm.oclc.org/digital/collection/islamic/id/1000/rec/7,"","","",1850-1899?,1850^1899,19,http://vocab.getty.edu/aat/300404513,false,Fragment from Persian poetry anthology,"","","","",Manuscripts,Q331,"Manuscripts, Persian|Persian poetry--1500-1796",Q255|Q3582,"","","","","","","","","","","","","","","",Persian,Q120,"","",Extent: 1 leaf ; some color 21 x 13 cm,"19th century.|8 angled lines in two columns with 24 angled marginal lines.|Collection of poetry samples from various poets including Saadi, Yahya Kashi, Mirza Afghani, Nur al-Ayn Vafiq, and Mir Mushtaq Isfahani.|Gold ruled columns and borders with purple, orange, gold and blue floral intercolumnal, marginal line break, and corner fill; headers in blue or red ink in an orange-lined, gold carouche on a blue and gold background; rubrications in red and blue.|Nastaliq in black ink, pointed; headers in Nastaliq in red or blue ink, pointed.|Paper.","",2026-10-09 10:11:26 -0400,20260807,20260819-oberlin-marcxml-arabic.xml
,"","",marc-xml,rdadcrmr,Q63948,Oberlin College,on1610468274,IMF0003,https://cdm15963.contentdm.oclc.org/digital/collection/islamic/id/987/rec/6,"","","",1500-1899,1500^1899,16;17;18;19,http://vocab.getty.edu/aat/300404510;http://vocab.getty.edu/aat/300404511;http://vocab.getty.edu/aat/300404512;http://vocab.getty.edu/aat/300404513,false,Fragment from Khosraw and Shirin of Nizami Ganjavi|Khusraw va Shīrīn.,|,|,|,Q27727|Q27727,Manuscripts|Illuminated manuscripts,Q331|Q4268,"Manuscripts, Persian",Q255,"","","","","","","","","","","","","","","",Persian,Q120,"","",Extent: 1 leaf ; 30 x 19 cm,16th century and 19th century|Paper,"",2026-10-09 10:11:26 -0400,20260807,20260819-oberlin-marcxml-arabic.xml
,"","",marc-xml,rdadcrmr,Q63948,Oberlin College,on1610468275,IMF0006,https://cdm15963.contentdm.oclc.org/digital/collection/islamic/id/1014/rec/5,"","","",circa. 18th to 20th century,1800^1920,19;20,http://vocab.getty.edu/aat/300404513;http://vocab.getty.edu/aat/300404514,false,Illuminated bifolium,"","","","",Manuscripts|Illuminated manuscripts,Q331|Q4268,"Manuscripts, Arabic",Q256,"","","","","","","","","","","","","","","",No text,Q16428,illuminated,"",Extent: 1 leaf : illuminated ; 38 x 33 cm,"19th or 20th century.|f. 1a: illuminated headpiece in gold and blue above four empty cartouches lined in red and blue; f. 1b: foliate marginal fill in blue, gold, red and green with empty cartouche for header and 10 empty rectangular cartouches on gold backgrounds, lined in red and blue; f. 2a/b: foliate marginal fill in blue, gold, red and green with empty cartouche for header and six empty shield-shaped cartouches in three rows of two on gold backgrounds, lined in red and blue.|Iran?|Paper.","",2026-10-09 10:11:26 -0400,20260807,20260819-oberlin-marcxml-arabic.xml
,"","",marc-xml,rdadcrmr,Q63948,Oberlin College,on1610468276,IMC0004,https://cdm15963.contentdm.oclc.org/digital/collection/islamic/id/3159/rec/4,"","","",1811,1811,19,http://vocab.getty.edu/aat/300404513,true,19th century Qur'an|Qurʼan.,|,|,|,Q3697|Q3697,Manuscripts|Illuminated manuscripts,Q331|Q4268,"Qurʼan--Manuscripts|Manuscripts, Arabic",Q11441;Q38609|Q256,"","","","","","","","","","","","","","","",Arabic,Q118,"","",Extent: 301 folios; 17 x 11 cm,"Donated by Frederick Binkerd Artz (1894-1983); ""Beirut, Lebanon Oct. 1965"" note in ballpoint on front flyleaf b.|First of Rabi al-awwal 1226 (March 26, 1811 CE).|Naskh in black ink, pointed, vocalized.|Textblock ruled in black, red, and wide gold lines; surah heading in rectangular cartouches framed in various colors with inset gold rhomboid on a predominantly blue background with foliate fill; surah titles in white ink on gold field; gold roundels mark verse endings; multicolored floral marginal medallions; finispiece below colophon of gold foliate fill.|The text contains on ff. 301a-302b a khatm prayer (supplication upon completion of the Qur'an from beginning to end).","",2026-10-09 10:11:26 -0400,20260807,20260819-oberlin-marcxml-arabic.xml
,"","",marc-xml,rdadcrmr,Q63948,Oberlin College,on1610468277,IMC0003,https://cdm15963.contentdm.oclc.org/digital/collection/islamic/id/3996/rec/3,"","","",1740,1740,18,http://vocab.getty.edu/aat/300404512,true,18th century Qur'an|Qurʼan.,|,|,|,Q3697|Q3697,Manuscripts|Illuminated manuscripts|Manuscripts,Q331|Q4268|Q331,"Qurʼan--Manuscripts|Manuscripts, Arabic|Manuscripts, Persian",Q11441;Q38609|Q256|Q255,"","","","","","","","","","","","","","","",Arabic,Q118,"","",Extent: 156 folios ; 10 x 7 cm,"23 long lines.|Dual-page illuminated opening in 4 registers with headpiece, two gold cartouches and text; registers border-ruled in red, white-speckled blue, and gold, gold and floral border fill; textblock for the rest of the copy bordered-ruled in two sets of gold and frame-ruled in gold; gold roundels mark verse endings; readings in red; gold letters kha' and 'ayn mark the five and ten verse divisions, juz', hizb and half hizb are also marked.|Naskh in black ink, pointed, vocalized.|Owner's note on rear flyleaf verso dated 1302H (1884/5 CE).|Safar 1153 H (April/May1740 CE).","",2026-10-09 10:11:26 -0400,20260807,20260819-oberlin-marcxml-arabic.xml
,"","",marc-xml,rdadcrmr,Q63948,Oberlin College,on1610468278,IMF0001,https://cdm15963.contentdm.oclc.org/digital/collection/islamic/id/2441/rec/2,"","","",1500?-1699?,1500^1699,16;17,http://vocab.getty.edu/aat/300404510;http://vocab.getty.edu/aat/300404511,false,16th century Qur'an leaf|Qurʼan.,|,|,|,Q3697|Q3697,Manuscripts|Illuminated manuscripts,Q331|Q4268,"Manuscripts, Arabic|Manuscripts, Persian",Q256|Q255,"","","","","","","","","","","","","","","",Text in Arabic; Persian,Q118;Q120,"","",Extent: 1 leaf ; 30 x 17 cm,"16th or 17th century|Title determined by cataloger|24 long lines of 12 slightly larger lines of Arabic with 12 interlinear lines of Persian|Naskh in black ink, pointed, vocalized; Nastaliq in red ink, pointed|Paper|Textblock ruled in black, blue, gold; frame ruled in black; line ruled in black; gold, serrated-edge contour bands around the Arabic; black-lined gold roundel with red central dot mark verse endings; black-lined leaf shapes with gold serrated edges hold red rubrics for surah name, place of revelation, ruku' marker and juz' number and section; similar leaf-shape around catchword; gold-lined cloud contains recitation guide.","",2026-10-09 10:11:26 -0400,20260807,20260819-oberlin-marcxml-arabic.xml
,"","",marc-xml,rdadcrmr,Q63948,Oberlin College,on1610468156,IMC0005,https://cdm15963.contentdm.oclc.org/digital/collection/islamic/id/5016/rec/12,"","","",1900?-1940?,1900^1940,20,http://vocab.getty.edu/aat/300404514,false,West African Charm Book̤,"","","","",charms (amulets)|Manuscripts|Manuscripts,Q115048|Q331|Q331,"Manuscripts, Arabic|Islam--Prayers and devotions",Q256|Q3036,"","","","","","","","","","","","","","","",Arabic,Q118,"","",Extent: 96 leaves ; 102 x 13 mm,"Donated by Reverend G. Thompson.|Each tablet of this charm book is called ""Khatem"" meaning stamp, and is used for a specific type of good luck and spiritual protection. The specific power of each tablet is written below and on the side. Each window of the tablet contains specific Arabic numbers, which usually represent one or two letters of the Arabic Alphabet. Each letter has its own power and its own number.|Inscription in English on the cover (possibly by the donor) reads: ""Medicine"" Book, of the Mandingos - or Mohammadens"" and ""Price $1 .00"".|Paper.|Tables of 4x4 or 3x3.|Textblock border-ruled in double lines either both red, both dark brown or one of each; some letters and numbers in red.|West African Maghribi script in brown, pointed.","",2026-10-09 10:11:26 -0400,20260807,20260819-oberlin-marcxml-arabic.xml
,"","",marc-xml,rdadcrmr,Q63948,Oberlin College,on1610468037,IMC0007,https://cdm15963.contentdm.oclc.org/digital/collection/islamic/id/4438/rec/13,"","","",1864?-1865?,1864^1865,19,http://vocab.getty.edu/aat/300404513,true,Ottoman Qur'an|Qurʼan.,|قرآن,|,|,Q3697|Q3697,Qur'ans|Manuscripts|illuminated manuscripts|Manuscripts,Q3532|Q331|Q4268|Q331,"Manuscripts, Arabic",Q256,"","","","","","","","","","","","","","","",Arabic,Q118,illuminated,"",Extent: 301 leaves : illuminated ; 108 x 156 mm,"1281 H (1864 or 1865)|14 long lines|Donated by Loofty Livonian in 1928.|Illuminated first opening in three registers with gold, orange and blue floral marginal fill; surah title in white ink on gold foliate background in orange-red lined rectangle; textblock border-ruled in gold; gold roundels mark verse endings; surah titles in faded red (?); readings in red. Last leaf is replacement leaf with textblock border-rule in green and verse endings marked with green roundels.|Missing first leaf, starts with al-Baqarah; last leaf is likely a replacement, unclear whether the colophon is copied or supplied with the replacement leaf.|Naskh in black ink, pointed, vocalized.|Paper.","",2026-10-09 10:11:26 -0400,20260807,20260819-oberlin-marcxml-arabic.xml
,"","",marc-xml,rdadcrmr,Q63948,Oberlin College,on1610468252,IMC0006,https://cdm15963.contentdm.oclc.org/digital/collection/islamic/id/4426/rec/14,"","","",1916-1917?,1916^1917,20,http://vocab.getty.edu/aat/300404514,true,Ottoman Qur'an|Qurʼan.,|,|,|,Q3697|Q3697,Qur'ans|illuminated manuscripts|Manuscripts|Manuscripts,Q3532|Q4268|Q331|Q331,"Manuscripts, Arabic",Q256,"","","","","","","","","","","","","","","",Arabic,Q118,illuminated,"",Extent: 303 leaves : illuminated ; 159 x 102 mm,"1335 H (1916 or 1917)|15 long lines.|Given by William E. Barton to Dr. Frank Hugh Foster in 1929. Was then given by Foster to library.|Illuminated opening in four registers, headpiece, green and orange lined rectangular cartouche, textblock and lower rectangular cartouche in same colors; floral fill in gold, blue, orange, and red with orange and blue finials extending to upper margin; verse endings marked with gold roundels with orange and blue dots, suggestions of cloud bands on first opening; following leaves border-ruled in gold and narrow black; surah headers in white ink on gold background.|Naskh in black ink, pointed, vocalized.|Paper.|Pen tests, drawings and note about the text on f.1a","",2026-10-09 10:11:26 -0400,20260807,20260819-oberlin-marcxml-arabic.xml
,"","",marc-xml,rdadcrmr,Q63948,Oberlin College,on1610468238,IMC0008,https://cdm15963.contentdm.oclc.org/digital/collection/islamic/id/4823/rec/15,"","","",1663 or 1664?,1663^1664,17,http://vocab.getty.edu/aat/300404511,true,Tadhkirat al-shuʿarāʼ,"","","",Q39793,Biographical dictionaries|Manuscripts|Manuscripts,Q3051;Q3041|Q331|Q331,"Manuscripts, Persian|Persian poetry--747-1500|Poets, Persian--Biography",Q255|Q3582|Q26802,"Dawlatshāh Samarqandī, -approximately 1494","",Q49320,"","","","","","","","","","","","",Persian,Q120,"","",Extent: 94 leaves ; 280 x 191 mm,"1074 H (1663 or 1664)|15 long lines|Donated by William Downs Henkle, 1908|Empty headpiece with title in red Thuluth (faded) (f. 1b); textblock border-ruled in yellow, black, red and green; red roundels marking poetic divisions.|Nastaliq in black and red, pointed.|Paper.|Non-Latin script record","",2026-10-09 10:11:26 -0400,20260807,20260819-oberlin-marcxml-arabic.xml
,"","",marc-xml,rdadcrmr,Q63948,Oberlin College,on1610468253,IMC0002,https://cdm15963.contentdm.oclc.org/digital/collection/islamic/id/2438/rec/16,"","","",1500?-1599?,1500^1599,16,http://vocab.getty.edu/aat/300404510,false,Qur'an|Qurʼan.,|قرآن,|,|,Q3697|Q3697,Qur'ans|Manuscripts|illuminated manuscripts|Manuscripts,Q3532|Q331|Q4268|Q331,"Manuscripts, Arabic|Manuscripts, Persian",Q256|Q255,"","","","","","","","","","","","","","","","Arabic, Persian",Q118;Q120,illuminated,"",Extent: 347 leaves : illuminated ; 394 x 229 x 572 mm,"12 long lines|Donated by Frederick Binkerd Artz (1894-1983).|Dual page illuminated opening (f. 1b-2a) in three registers with al-Fatihah in white ink on gold ground, scalloped, floral marginal decoration in gold, blue, orange, pink, purple, blue; second dual-page opening (f. 2b-3a) textblock painted gold on both pages with text in black; headpiece in blue and gold with floral decoration (f. 2b) gold and floral marginal fill on both pages; for the rest of the text, all surah headings in white ink on gold cartouche set within a lined rectangular box with blue and floral background in different configurations; verse endings marked with 6-lobed medallion with red highlights and blue dots or with a black circle surrounding a six petal flower with red and blue dots; blue scalloped-edge diamonds and orange scalloped-edge circles mark groups of 10 and 5 verses; textblock lined in 8 colors (black, dark red, blue, green, gold, double black, bright red and darker blue) with page-openings lined in narrow double black frame-rule. Dual-page illuminated opening (349b-350a) with a prayer for the end of recitation copied in 6 lines per page, each line in white ink on an orange-lined gold cartouche within a rectangle of blue and gold with floral fill, scalloped-edge blue floral marginal decoration. Dual-page illuminated opening (f. 350b-351a) with boxes distributed in four columns with white text primarily in Persian on densely illuminated floral backgrounds and scalloped blue and gold with floral fill marginal decoration.|Long prayer (ff. 348a-349a) and birth notes on back flyleaf; some leaves repaired and remargined.|Naskh in black ink, Thuluth in white ink, some Nastaliq in red ink.|Paper.","",2026-10-09 10:11:26 -0400,20260807,20260819-oberlin-marcxml-arabic.xml
,"","",marc-xml,rdadcrmr,Q63948,Oberlin College,on1610468162,IMF0007,https://cdm15963.contentdm.oclc.org/digital/collection/islamic/id/1006/rec/17,"","","",1700?-1799?,1700,18,http://vocab.getty.edu/aat/300404512,false,Leaf containing end of al-Zumar (39) and beginning of al-Ghafir (40) verses 1-13|Qurʼan.,|قرآن,|,|,|Q3697,Qur'ans|fragments (object portions)|Manuscripts|Manuscripts,Q3532|Q222|Q331|Q331,"Manuscripts, Arabic",Q256,"","","","","","","","","","","","","","","",Arabic,Q118,"","",Extent: 1 leaf ; 331 x 248 mm,"11 long lines.|Catchwords.|Donated by Frederick Binkerd Artz (1894-1983).|Naskh in black and red ink, pointed, vocalized.|Paper.|Surah headings in red; textblock ruled in black, gold and red, red 'ayn marking ruku' in the margin; blue frame rule.","",2026-10-09 10:11:26 -0400,20260807,20260819-oberlin-marcxml-arabic.xml
,"","",marc-xml,rdadcrmr,Q63948,Oberlin College,on1610468158,IMF0010,https://cdm15963.contentdm.oclc.org/digital/collection/islamic/id/997/rec/18,"","","",1750-1799?,1750^1799,18,http://vocab.getty.edu/aat/300404512,false,Leaf containing al-Nisa' (4) verses 113-122|Qurʼan.,|قرآن,|,|,|Q3697,Manuscripts|Qur'ans|fragments (object portions)|illuminated manuscript|Manuscripts,Q331|Q3532|Q222|Q4268|Q331,"Manuscripts, Arabic",Q256,"","","","","","","","","","","","","","","",Arabic,Q118,illuminated,"",Extent: 1 leaf : illuminated ; 254 x 159 mm,"11 long lines written as one large line, 4 smaller lines, another large line, 4 smaller lines, a final large line.|Catchwords; paper is highly burnished.|Donated by Frederick Binkerd Artz (1894-1983).|Muhaqqaq in red and Naskh in black, both pointed and vocalized.|Paper.|Three larger lines in gold contour bands; textblock border-ruled in red, black and gold with gold foliate fill along the long edges between the edge of the shorter lines (in a black lined box) and the border-rule; frame-rule in black, red, and gold; short title in outer, upper corner with gold detail; black and gold marginal medallion with blue finials, text division markers in red ink with gold detail, red 'ayn marking ruku' on a gold medallion on top of the frame-rule; verse endings marked by gold roundel li̤̤ned with blue dots.","",2026-10-09 10:11:26 -0400,20260807,20260819-oberlin-marcxml-arabic.xml
,"","",marc-xml,rdadcrmr,Q63948,Oberlin College,on1610468254,IMF0008,https://cdm15963.contentdm.oclc.org/digital/collection/islamic/id/986/rec/19,"","","",1300-1450?,1300^1450,14;15,http://vocab.getty.edu/aat/300404506;http://vocab.getty.edu/aat/300404465,false,"Leaf containing al-Rahman (55), verses 12-32|Qurʼan.",|قرآن,|,|,|Q3697,Qur'ans|fragments (object portions)|illuminated manuscripts|Manuscripts|Manuscripts,Q3532|Q222|Q4268|Q331|Q331,"Manuscripts, Arabic",Q256,"","","","","","","","","","","","","","","",Arabic,Q118,illuminated,"",Extent: 1 leaf : illuminated ; 356 x 267 mm,"7 long lines, 1 larger line, 5 smaller lines, another larger line.|Donated by Mrs. Elgin Sherk, 1936.|In the smaller-text lines, verse endings marked by gold leaf flowers with green centers and red dots where the leaves touch each other, in the larger-text lines verse endings marked by gold roundel with blue border, red center and black finials; marginal medallions in gold with light blue, dark blue and red in tear-drop shape (10) and circular (5) mark 10 and five verse partitions.|Muhaqqaq and rayhan in black ink, pointed and vocalized.|Paper.","",2026-10-09 10:11:26 -0400,20260807,20260819-oberlin-marcxml-arabic.xml
,"","",marc-xml,rdadcrmr,Q63948,Oberlin College,on1610468255,IMF0009,https://cdm15963.contentdm.oclc.org/digital/collection/islamic/id/1004/rec/20,"","","",1700?-1799?,1700,18,http://vocab.getty.edu/aat/300404512,false,"Leaf containing al-'Ankabut (29), verses 36-43.|Qurʼan.",|,|,|,|Q3697,Qur'ans|fragments (object portions)|Manuscripts|Manuscripts,Q3532|Q222|Q331|Q331,"Manuscripts, Arabic",Q256,"","","","","","","","","","","","","","","",Arabic,Q118,"","",Extent: 1 leaf ?? ; 242 x 216 mm,"9 long lines.|Paper.|Vowels in red; verse endings marked by yellow cherry shape (three circles with stem).|West African Maghribi script in brown, pointed and vocalized.|Donated by Frederick Binkerd Artz (1894-1983).","",2026-10-09 10:11:26 -0400,20260807,20260819-oberlin-marcxml-arabic.xml
,"","",marc-xml,rdadcrmr,Q63948,Oberlin College,on1610468256,IMF0011,https://cdm15963.contentdm.oclc.org/digital/collection/islamic/id/993/rec/21,"","","",1600?-1699?,1600,17,http://vocab.getty.edu/aat/300404511,false,Tax regulation document with painting or text of bequest,"","","","",illuminated manuscripts|Manuscripts,Q4268|Q331,"Manuscripts, Arabic",Q256,"","","","","","","","","","","","","","","",Ottoman Turkish,Q3104,illuminated,"",Extent: 1 leaf : illuminated ; 293 x 153 mm,"17th century|20 line illustration of two men sitting talking with three others in background; textblock border-ruled in gold.|Donated by Frederick Binkerd Artz (1894-1983). From ""Book of endowments, agricultural properties, and their borders""|The painting bears no obvious relation to the subject of the text. It is unusual to have miniature painting in a legal document, so perhaps this is a sign that this manuscript was a memorial to a wealthy patron? It is possible that the painting was a later image added to an earlier manuscript leaf for the tourist trade.|Portion of the text deals with a dispute on the boundaries of an olive garden.|Paper.|Recto: 29 long lines; verso: 9 long lines and illustration.|Turkish Nastaliq in black ink, pointed.|Watermarked paper with three bells.","",2026-10-09 10:11:26 -0400,20260807,20260819-oberlin-marcxml-arabic.xml
